Player,Draft_Year,Pos,Age,Team,Round,Pick,College,Conf,G,Cmp,Pass_Att,Pass_Yds,Pass_TD,Int,Rushing_Att,Rushing_Yds,Rushing_TD,Rec,Receiving_Yds,Receiving_TD,Target,ASA_zscore,Preseason_Rank,Conf_rank,College_Rank
Joe Burrow,2020,QB,23.0,CIN,1,1,LSU,SEC,15.0,402.0,527.0,5671.0,60.0,6.0,115.0,368.0,5.0,1.0,16.0,0.0,173.7,-0.5904982849485261,30,1,2
Tua Tagovailoa,2020,QB,22.0,MIA,1,5,Alabama,SEC,9.0,180.0,252.0,2840.0,33.0,3.0,23.0,17.0,2.0,0.0,0.0,0.0,135.5,1.1809965698970522,26,1,3
Justin Herbert,2020,QB,22.0,LAC,1,6,Oregon,Pac-12,14.0,286.0,428.0,3471.0,32.0,6.0,58.0,50.0,4.0,0.0,0.0,0.0,332.8,1.3778293315465608,24,4,9
Henry Ruggs III,2020,WR,21.0,LVR,1,12,Alabama,SEC,12.0,0.0,0.0,0.0,0.0,0.0,2.0,75.0,1.0,40.0,746.0,7.0,84.1,-0.5904982849485261,21,1,3
Jerry Jeudy,2020,WR,21.0,DEN,1,15,Alabama,SEC,13.0,0.0,0.0,0.0,0.0,0.0,1.0,1.0,0.0,77.0,1163.0,10.0,157.6,-0.3936655232990174,23,1,3
CeeDee Lamb,2020,WR,21.0,DAL,1,17,Oklahoma,Big 12,13.0,0.0,0.0,0.0,0.0,0.0,9.0,20.0,1.0,62.0,1327.0,14.0,217.7,-0.1968327616495087,8,3,11
Jalen Reagor,2020,WR,21.0,PHI,1,21,TCU,Big 12,12.0,0.0,0.0,0.0,0.0,0.0,14.0,89.0,0.0,43.0,611.0,5.0,87.2,-0.7873310465980348,12,3,40
Justin Jefferson,2020,WR,21.0,MIN,1,22,LSU,SEC,15.0,0.0,0.0,0.0,0.0,0.0,0.0,0.0,0.0,111.0,1540.0,18.0,274.2,1.1809965698970522,10,1,2
Brandon Aiyuk,2020,WR,22.0,SFO,1,25,Arizona State,Pac-12,12.0,0.0,0.0,0.0,0.0,0.0,1.0,6.0,0.0,65.0,1192.0,8.0,184.5,-0.5904982849485261,3,4,43
Jordan Love,2020,QB,21.0,GNB,1,26,Utah State,MWC,13.0,293.0,473.0,3402.0,20.0,17.0,81.0,175.0,0.0,0.0,0.0,0.0,0.0,0.7873310465980348,7,7,79
Clyde Edwards-Helaire,2020,RB,21.0,KAN,1,32,LSU,SEC,15.0,0.0,0.0,0.0,0.0,0.0,215.0,1414.0,16.0,55.0,453.0,1.0,176.0,0.7873310465980348,1,1,2
Tee Higgins,2020,WR,21.0,CIN,2,33,Clemson,ACC,15.0,0.0,0.0,0.0,0.0,0.0,1.0,36.0,1.0,59.0,1167.0,13.0,194.6,0.7873310465980348,30,6,4
Michael Pittman Jr.,2020,WR,22.0,IND,2,34,USC,Pac-12,13.0,0.0,0.0,0.0,0.0,0.0,0.0,0.0,0.0,101.0,1275.0,11.0,98.9,1.1809965698970522,14,4,29
D'Andre Swift,2020,RB,21.0,DET,2,35,Georgia,SEC,14.0,0.0,0.0,0.0,0.0,0.0,196.0,1218.0,7.0,24.0,216.0,1.0,189.8,0.3936655232990174,25,1,6
Jonathan Taylor,2020,RB,21.0,IND,2,41,Wisconsin,Big Ten,14.0,0.0,0.0,0.0,0.0,0.0,320.0,2003.0,21.0,26.0,252.0,5.0,252.8,1.5746620931960695,14,2,5
Laviska Shenault Jr.,2020,WR,21.0,JAX,2,42,Colorado,Pac-12,11.0,0.0,0.0,0.0,0.0,0.0,23.0,161.0,2.0,56.0,764.0,4.0,157.1,0.9841638082475435,32,4,67
Cole Kmet,2020,TE,21.0,CHI,2,43,Notre Dame,Ind,11.0,0.0,0.0,0.0,0.0,0.0,0.0,0.0,0.0,43.0,515.0,6.0,62.0,-0.3936655232990174,22,9,8
KJ Hamler,2020,WR,21.0,DEN,2,46,Penn State,Big Ten,13.0,0.0,0.0,0.0,0.0,0.0,13.0,43.0,0.0,56.0,904.0,8.0,90.1,-0.3936655232990174,23,2,7
Chase Claypool,2020,WR,22.0,PIT,2,49,Notre Dame,Ind,13.0,0.0,0.0,0.0,0.0,0.0,0.0,0.0,0.0,66.0,1037.0,13.0,214.9,0.3936655232990174,13,9,8
Cam Akers,2020,RB,21.0,LAR,2,52,Florida State,ACC,11.0,4.0,6.0,50.0,0.0,0.0,231.0,1144.0,14.0,30.0,225.0,4.0,101.8,-1.7714948548455782,17,6,55
Jalen Hurts,2020,QB,22.0,PHI,2,53,Oklahoma,Big 12,14.0,237.0,340.0,3851.0,32.0,8.0,233.0,1298.0,20.0,2.0,25.0,1.0,109.1,-2.7556586630931217,12,3,11
J.K. Dobbins,2020,RB,21.0,BAL,2,55,Ohio State,Big Ten,14.0,0.0,0.0,0.0,0.0,0.0,301.0,2003.0,21.0,23.0,247.0,2.0,168.5,-0.1968327616495087,2,2,1
Van Jefferson,2020,WR,24.0,LAR,2,57,Florida,SEC,13.0,0.0,0.0,0.0,0.0,0.0,1.0,7.0,0.0,49.0,657.0,6.0,46.9,-0.1968327616495087,17,1,13
Denzel Mims,2020,WR,22.0,NYJ,2,59,Baylor,Big 12,14.0,0.0,0.0,0.0,0.0,0.0,0.0,0.0,0.0,66.0,1020.0,12.0,60.7,-1.1809965698970522,27,3,20
AJ Dillon,2020,RB,22.0,GNB,2,62,Boston College,ACC,13.0,0.0,0.0,0.0,0.0,0.0,318.0,1685.0,14.0,13.0,195.0,1.0,40.3,0.3936655232990174,7,6,70
Antonio Gibson,2020,RB,22.0,WAS,3,66,Memphis,American,14.0,0.0,0.0,0.0,0.0,0.0,33.0,369.0,4.0,38.0,735.0,8.0,202.2,-0.5904982849485261,31,5,16
Ke'Shawn Vaughn,2020,RB,23.0,TAM,3,76,Vanderbilt,SEC,12.0,0.0,0.0,0.0,0.0,0.0,198.0,1028.0,9.0,29.0,286.0,1.0,23.3,0.9841638082475435,6,1,116
Lynn Bowden Jr.,2020,WR,22.0,LVR,3,80,Kentucky,SEC,13.0,35.0,74.0,403.0,3.0,3.0,185.0,1468.0,13.0,30.0,348.0,1.0,53.6,-0.5904982849485261,21,1,38
Bryan Edwards,2020,WR,21.0,LVR,3,81,South Carolina,SEC,10.0,0.0,0.0,0.0,0.0,0.0,2.0,22.0,0.0,71.0,816.0,6.0,36.3,-0.5904982849485261,21,1,58
Zack Moss,2020,RB,22.0,BUF,3,86,Utah,Pac-12,13.0,0.0,0.0,0.0,0.0,0.0,235.0,1416.0,15.0,28.0,388.0,2.0,101.6,-0.3936655232990174,11,4,14
Devin Asiasi,2020,TE,23.0,NWE,3,91,UCLA,Pac-12,12.0,0.0,0.0,0.0,0.0,0.0,0.0,0.0,0.0,44.0,641.0,4.0,11.9,0.0,15,4,74
Devin Duvernay,2020,WR,22.0,BAL,3,92,Texas,Big 12,13.0,2.0,2.0,14.0,0.0,0.0,10.0,24.0,1.0,106.0,1386.0,9.0,53.1,0.5904982849485261,2,3,19
Darrynton Evans,2020,RB,22.0,TEN,3,93,Appalachian State,Sun Belt,14.0,1.0,1.0,14.0,0.0,0.0,255.0,1480.0,18.0,21.0,198.0,5.0,16.1,1.1809965698970522,9,8,23
Josiah Deguara,2020,TE,23.0,GNB,3,94,Cincinnati,American,14.0,0.0,0.0,0.0,0.0,0.0,0.0,0.0,0.0,39.0,504.0,7.0,2.2,0.7873310465980348,7,5,24
Dalton Keene,2020,TE,21.0,NWE,3,101,Virginia Tech,ACC,13.0,0.0,0.0,0.0,0.0,0.0,11.0,33.0,0.0,21.0,240.0,5.0,4.6,0.0,15,6,47
Joshua Kelley,2020,RB,22.0,LAC,4,112,UCLA,Pac-12,11.0,0.0,0.0,0.0,0.0,0.0,229.0,1060.0,12.0,11.0,71.0,1.0,81.2,1.3778293315465608,24,4,74
Harrison Bryant,2020,TE,22.0,CLE,4,115,Florida Atlantic,CUSA,13.0,0.0,0.0,0.0,0.0,0.0,0.0,0.0,0.0,65.0,1004.0,7.0,61.8,-0.1968327616495087,20,10,31
Albert Okwuegbunam,2020,TE,22.0,DEN,4,118,Missouri,SEC,11.0,0.0,0.0,0.0,0.0,0.0,0.0,0.0,0.0,26.0,306.0,6.0,29.1,0.9841638082475435,23,1,50
La'Mical Perine,2020,RB,22.0,NYJ,4,120,Florida,SEC,13.0,0.0,1.0,0.0,0.0,0.0,132.0,676.0,6.0,40.0,262.0,5.0,52.5,-0.1968327616495087,27,1,13
Jacob Eason,2020,QB,22.0,IND,4,122,Washington,Pac-12,13.0,260.0,405.0,3132.0,23.0,8.0,46.0,-69.0,1.0,0.0,0.0,0.0,0.0,1.968327616495087,14,4,18
Anthony McFarland Jr.,2020,RB,22.0,PIT,4,124,Maryland,Big Ten,11.0,0.0,0.0,0.0,0.0,0.0,114.0,614.0,8.0,17.0,126.0,1.0,22.7,0.0,13,2,88
James Morgan,2020,QB,23.0,NYJ,4,125,Florida International,CUSA,13.0,207.0,357.0,2560.0,14.0,5.0,32.0,-40.0,2.0,0.0,0.0,0.0,0.0,0.0,27,10,109
Gabriel Davis,2020,WR,21.0,BUF,4,128,UCF,American,12.0,0.0,0.0,0.0,0.0,0.0,0.0,0.0,0.0,72.0,1241.0,12.0,136.9,-0.5904982849485261,11,5,22
Colby Parkinson,2020,TE,21.0,SEA,4,133,Stanford,Pac-12,12.0,1.0,1.0,8.0,1.0,0.0,0.0,0.0,0.0,48.0,589.0,1.0,3.6,-1.5746620931960695,5,4,80
Brycen Hopkins,2020,TE,23.0,LAR,4,136,Purdue,Big Ten,12.0,0.0,0.0,0.0,0.0,0.0,0.0,0.0,0.0,61.0,830.0,7.0,0.0,-1.3778293315465608,17,2,72
Antonio Gandy-Golden,2020,WR,22.0,WAS,4,142,Liberty,Ind,13.0,0.0,0.0,0.0,0.0,0.0,0.0,0.0,0.0,79.0,1396.0,10.0,3.5,0.7873310465980348,31,9,98
DeeJay Dallas,2020,RB,21.0,SEA,4,144,Miami (FL),ACC,10.0,0.0,0.0,0.0,0.0,0.0,115.0,693.0,8.0,14.0,140.0,2.0,56.9,-1.3778293315465608,5,6,54
Joe Reed,2020,WR,22.0,LAC,5,151,Virginia,ACC,13.0,0.0,0.0,0.0,0.0,0.0,8.0,42.0,0.0,77.0,679.0,7.0,8.9,-0.5904982849485261,24,6,36
Tyler Johnson,2020,WR,22.0,TAM,5,161,Minnesota,Big Ten,11.0,0.0,0.0,0.0,0.0,0.0,0.0,0.0,0.0,72.0,1107.0,10.0,40.9,-0.3936655232990174,6,2,21
Collin Johnson,2020,WR,22.0,JAX,5,165,Texas,Big 12,7.0,0.0,0.0,0.0,0.0,0.0,0.0,0.0,0.0,38.0,559.0,3.0,59.2,0.9841638082475435,32,3,19
Quintez Cephus,2020,WR,22.0,DET,5,166,Wisconsin,Big Ten,14.0,0.0,0.0,0.0,0.0,0.0,0.0,0.0,0.0,59.0,901.0,7.0,66.9,-0.1968327616495087,25,2,5
Jake Fromm,2020,QB,22.0,BUF,5,167,Georgia,SEC,14.0,234.0,385.0,2860.0,24.0,5.0,38.0,-12.0,0.0,0.0,0.0,0.0,0.0,0.5904982849485261,11,1,6
John Hightower,2020,WR,24.0,PHI,5,168,Boise State,MWC,14.0,1.0,2.0,4.0,0.0,0.0,16.0,154.0,0.0,51.0,943.0,8.0,28.8,-0.7873310465980348,12,7,28
Jason Huntley,2020,RB,22.0,DET,5,172,New Mexico State,Ind,12.0,0.0,0.0,0.0,0.0,0.0,154.0,1090.0,9.0,40.0,192.0,2.0,2.9,0.3936655232990174,25,9,126
Darnell Mooney,2020,WR,22.0,CHI,5,173,Tulane,American,13.0,0.0,0.0,0.0,0.0,0.0,0.0,0.0,0.0,48.0,713.0,5.0,152.1,0.9841638082475435,22,5,44
K.J. Osborn,2020,WR,23.0,MIN,5,176,Miami (FL),ACC,13.0,0.0,0.0,0.0,0.0,0.0,5.0,15.0,0.0,50.0,547.0,5.0,0.0,1.1809965698970522,10,6,54
Donovan Peoples-Jones,2020,WR,21.0,CLE,6,187,Michigan,Big Ten,11.0,0.0,0.0,0.0,0.0,0.0,2.0,-7.0,0.0,34.0,438.0,6.0,58.4,0.1968327616495087,20,2,12
Jake Luton,2020,QB,24.0,JAX,6,189,Oregon State,Pac-12,11.0,222.0,358.0,2714.0,28.0,3.0,44.0,-87.0,1.0,0.0,0.0,0.0,28.3,0.3936655232990174,32,4,53
Charlie Woerner,2020,TE,22.0,SFO,6,190,Georgia,SEC,14.0,0.0,0.0,0.0,0.0,0.0,0.0,0.0,0.0,9.0,78.0,1.0,6.6,-1.5746620931960695,3,1,6
Quez Watkins,2020,WR,22.0,PHI,6,200,Southern Mississippi,CUSA,12.0,0.0,0.0,0.0,0.0,0.0,1.0,1.0,0.0,64.0,1178.0,6.0,23.6,-0.7873310465980348,12,10,83
James Proche,2020,WR,23.0,BAL,6,201,SMU,American,13.0,0.0,2.0,0.0,0.0,0.0,4.0,18.0,0.0,111.0,1225.0,15.0,2.4,0.5904982849485261,2,5,27
Tyler Davis,2020,TE,23.0,JAX,6,206,Georgia Tech,ACC,12.0,0.0,0.0,0.0,0.0,0.0,0.0,0.0,0.0,17.0,148.0,1.0,0.0,-0.5904982849485261,32,6,110
Isaiah Hodgins,2020,WR,21.0,BUF,6,207,Oregon State,Pac-12,12.0,0.0,0.0,0.0,0.0,0.0,0.0,0.0,0.0,86.0,1171.0,13.0,0.0,-0.5904982849485261,11,4,53
Dezmon Patmon,2020,WR,22.0,IND,6,212,Washington State,Pac-12,13.0,0.0,0.0,0.0,0.0,0.0,0.0,0.0,0.0,58.0,762.0,8.0,0.0,1.1809965698970522,14,4,45
Freddie Swain,2020,WR,22.0,SEA,6,214,Florida,SEC,12.0,0.0,0.0,0.0,0.0,0.0,4.0,27.0,0.0,38.0,517.0,7.0,40.9,-0.7873310465980348,5,1,13
Jauan Jennings,2020,WR,23.0,SFO,7,217,Tennessee,SEC,13.0,0.0,1.0,0.0,0.0,0.0,13.0,51.0,1.0,59.0,969.0,8.0,0.0,-0.5904982849485261,3,1,41
K.J. Hill,2020,WR,22.0,LAC,7,220,Ohio State,Big Ten,14.0,0.0,0.0,0.0,0.0,0.0,1.0,1.0,0.0,57.0,636.0,10.0,0.0,-0.5904982849485261,24,2,1
Eno Benjamin,2020,RB,21.0,ARI,7,222,Arizona State,Pac-12,12.0,0.0,0.0,0.0,0.0,0.0,253.0,1083.0,10.0,42.0,347.0,2.0,0.0,-0.9841638082475435,19,4,43
Cole McDonald,2020,QB,22.0,TEN,7,224,Hawaii,MWC,14.0,326.0,511.0,4135.0,33.0,14.0,101.0,383.0,7.0,0.0,0.0,0.0,0.0,0.3936655232990174,9,7,65
Tommy Stevens,2020,QB,23.0,NOR,7,240,Mississippi State,SEC,9.0,97.0,161.0,1155.0,11.0,5.0,83.0,381.0,4.0,0.0,0.0,0.0,2.4,0.9841638082475435,4,1,42
Nathan Stanley,2020,QB,23.0,MIN,7,244,Iowa,Big Ten,13.0,237.0,399.0,2951.0,16.0,7.0,76.0,7.0,1.0,0.0,0.0,0.0,0.0,0.3936655232990174,10,2,15
Raymond Calais,2020,RB,22.0,TAM,7,245,Louisiana,Sun Belt,14.0,0.0,0.0,0.0,0.0,0.0,117.0,886.0,6.0,10.0,67.0,1.0,0.0,0.9841638082475435,6,8,30
Malcolm Perry,2020,RB,23.0,MIA,7,246,Navy,American,13.0,48.0,86.0,1084.0,7.0,3.0,295.0,2017.0,21.0,0.0,0.0,0.0,24.7,0.5904982849485261,26,5,17
Stephen Sullivan,2020,TE,23.0,SEA,7,251,LSU,SEC,15.0,0.0,0.0,0.0,0.0,0.0,0.0,0.0,0.0,12.0,130.0,0.0,0.0,-1.5746620931960695,5,1,2
Tyrie Cleveland,2020,WR,22.0,DEN,7,252,Florida,SEC,13.0,0.0,0.0,0.0,0.0,0.0,0.0,0.0,0.0,25.0,351.0,1.0,12.3,-0.3936655232990174,23,1,13
Trevor Lawrence,2021,QB,21.0,JAX,1,1,Clemson,ACC,10.0,231.0,334.0,3153.0,24.0,5.0,68.0,203.0,8.0,1.0,8.0,0.0,199.0,-0.4912628194924452,29,5,8
Zach Wilson,2021,QB,22.0,NYJ,1,2,BYU,Ind,12.0,247.0,336.0,3692.0,33.0,3.0,70.0,254.0,10.0,2.0,32.0,0.0,151.9,-1.343895238408146,30,10,11
Kyle Pitts,2021,TE,20.0,ATL,1,4,Florida,SEC,8.0,0.0,0.0,0.0,0.0,0.0,0.0,0.0,0.0,43.0,770.0,12.0,176.6,-0.4912628194924452,23,1,7
Ja'Marr Chase,2020,WR,21.0,CIN,1,5,LSU,SEC,14.0,0.0,0.0,0.0,0.0,0.0,1.0,5.0,0.0,84.0,1780.0,20.0,0.0,0.7873310465980348,30,1,2
Jaylen Waddle,2021,WR,22.0,MIA,1,6,Alabama,SEC,6.0,0.0,0.0,0.0,0.0,0.0,3.0,12.0,0.0,28.0,591.0,4.0,245.8,-0.2781047147635192,16,1,1
DeVonta Smith,2021,WR,22.0,PHI,1,10,Alabama,SEC,13.0,0.0,0.0,0.0,0.0,0.0,4.0,6.0,1.0,117.0,1856.0,23.0,185.6,0.5745277041521815,27,1,1
Justin Fields,2021,QB,22.0,CHI,1,11,Ohio State,Big Ten,8.0,158.0,225.0,2100.0,22.0,6.0,81.0,383.0,5.0,0.0,0.0,0.0,126.8,-0.2781047147635192,22,4,2
Mac Jones,2021,QB,23.0,NWE,1,15,Alabama,SEC,13.0,311.0,402.0,4500.0,41.0,4.0,35.0,14.0,1.0,1.0,-8.0,0.0,224.9,-0.9175790289502955,17,1,1
Kadarius Toney,2021,WR,22.0,NYG,1,20,Florida,SEC,11.0,1.0,2.0,12.0,0.0,0.0,19.0,161.0,1.0,70.0,984.0,10.0,82.4,0.14821149469433112,24,1,7
Najee Harris,2021,RB,23.0,PIT,1,24,Alabama,SEC,13.0,0.0,0.0,0.0,0.0,0.0,251.0,1466.0,26.0,43.0,425.0,4.0,300.7,0.14821149469433112,11,1,1
Travis Etienne,2021,RB,22.0,JAX,1,25,Clemson,ACC,12.0,0.0,0.0,0.0,0.0,0.0,168.0,914.0,14.0,48.0,588.0,2.0,0.0,-0.2781047147635192,29,5,8
Rashod Bateman,2021,WR,21.0,BAL,1,27,Minnesota,Big Ten,5.0,0.0,0.0,0.0,0.0,0.0,0.0,0.0,0.0,36.0,472.0,2.0,103.5,-1.13073713367922,6,4,77
Elijah Moore,2021,WR,21.0,NYJ,2,34,Mississippi,SEC,8.0,1.0,1.0,2.0,0.0,0.0,14.0,64.0,0.0,86.0,1193.0,8.0,138.2,-0.4912628194924452,30,1,26
Javonte Williams,2021,RB,21.0,DEN,2,35,North Carolina,ACC,11.0,0.0,0.0,0.0,0.0,0.0,157.0,1140.0,19.0,25.0,305.0,3.0,204.9,2.7061087514414317,26,5,30
Rondale Moore,2021,WR,21.0,ARI,2,49,Purdue,Big Ten,3.0,0.0,0.0,0.0,0.0,0.0,6.0,32.0,1.0,35.0,270.0,0.0,109.1,1.6403182277968065,13,4,70
Pat Freiermuth,2021,TE,22.0,PIT,2,55,Penn State,Big Ten,4.0,0.0,0.0,0.0,0.0,0.0,0.0,0.0,0.0,23.0,310.0,1.0,151.7,1.427160123067882,11,4,42
D'Wayne Eskridge,2021,WR,24.0,SEA,2,56,Western Michigan,MAC,6.0,0.0,0.0,0.0,0.0,0.0,1.0,27.0,0.0,34.0,784.0,8.0,28.3,3.132424960899282,8,2,22
Chatarius Atwell,2021,WR,21.0,LAR,2,57,Louisville,ACC,9.0,0.0,0.0,0.0,0.0,0.0,2.0,-2.0,1.0,46.0,625.0,7.0,0.0,2.492950646712507,5,5,74
Terrace Marshall Jr.,2021,WR,21.0,CAR,2,59,LSU,SEC,7.0,0.0,0.0,0.0,0.0,0.0,0.0,0.0,0.0,48.0,731.0,10.0,32.8,1.2140020183389562,25,1,32
Kyle Trask,2021,QB,23.0,TAM,2,64,Florida,SEC,12.0,301.0,437.0,4283.0,43.0,8.0,64.0,50.0,3.0,0.0,0.0,0.0,0.0,-1.5570533431370703,2,1,7
Kellen Mond,2021,QB,22.0,MIN,3,66,Texas A&M,SEC,10.0,188.0,297.0,2282.0,19.0,3.0,74.0,294.0,4.0,0.0,0.0,0.0,0.2,-1.343895238408146,18,1,9
Davis Mills,2021,QB,22.0,HOU,3,67,Stanford,Pac-12,5.0,129.0,195.0,1508.0,7.0,3.0,30.0,37.0,3.0,0.0,0.0,0.0,157.0,-0.9175790289502955,32,8,86
Josh Palmer,2021,WR,21.0,LAC,3,77,Tennessee,SEC,10.0,0.0,0.0,0.0,0.0,0.0,0.0,0.0,0.0,33.0,475.0,4.0,92.9,-0.7044209242213696,15,1,52
Hunter Long,2021,TE,23.0,MIA,3,81,Boston College,ACC,11.0,0.0,0.0,0.0,0.0,0.0,0.0,0.0,0.0,57.0,685.0,5.0,1.8,-0.2781047147635192,16,5,68
Dyami Brown,2021,WR,21.0,WAS,3,82,North Carolina,ACC,11.0,0.0,0.0,0.0,0.0,0.0,0.0,0.0,0.0,55.0,1099.0,8.0,28.1,-1.13073713367922,20,5,30
Tommy Tremble,2021,TE,21.0,CAR,3,83,Notre Dame,ACC,12.0,0.0,0.0,0.0,0.0,0.0,1.0,4.0,0.0,19.0,213.0,0.0,53.1,-0.4912628194924452,25,5,19
Amari Rodgers,2021,WR,21.0,GNB,3,85,Clemson,ACC,12.0,1.0,1.0,8.0,0.0,0.0,0.0,0.0,0.0,77.0,1020.0,7.0,9.6,1.427160123067882,4,5,8
Trey Sermon,2021,RB,22.0,SFO,3,88,Ohio State,Big Ten,8.0,0.0,0.0,0.0,0.0,0.0,116.0,870.0,4.0,12.0,95.0,0.0,28.3,0.14821149469433112,10,4,2
Nico Collins,2020,WR,22.0,HOU,3,89,Michigan,Big Ten,12.0,0.0,0.0,0.0,0.0,0.0,0.0,0.0,0.0,37.0,729.0,7.0,0.0,0.0,16,2,12
Anthony Schwartz,2021,WR,21.0,CLE,3,91,Auburn,SEC,10.0,0.0,0.0,0.0,0.0,0.0,4.0,-6.0,0.0,54.0,636.0,3.0,33.4,-0.06494661003459484,7,1,23
Tre' McKitty,2021,TE,22.0,LAC,3,97,Georgia,SEC,7.0,0.0,0.0,0.0,0.0,0.0,0.0,0.0,0.0,6.0,108.0,1.0,10.5,0.7876858088811058,15,1,3
Michael Carter,2021,RB,22.0,NYJ,4,107,North Carolina,ACC,11.0,0.0,0.0,0.0,0.0,0.0,156.0,1245.0,9.0,25.0,267.0,2.0,154.4,-0.7044209242213696,30,5,30
Dez Fitzpatrick,2021,WR,23.0,TEN,4,109,Louisville,ACC,11.0,0.0,0.0,0.0,0.0,0.0,0.0,0.0,0.0,43.0,833.0,3.0,15.9,0.7876858088811058,9,5,74
Amon-Ra St. Brown,2021,WR,21.0,DET,4,112,USC,Pac-12,6.0,0.0,0.0,0.0,0.0,0.0,0.0,0.0,0.0,41.0,478.0,7.0,227.3,1.2140020183389562,31,8,39
Kene Nwangwu,2021,RB,23.0,MIN,4,119,Iowa State,Big 12,12.0,0.0,0.0,0.0,0.0,0.0,61.0,339.0,4.0,3.0,22.0,0.0,23.0,-0.4912628194924452,18,3,12
Rhamondre Stevenson,2021,RB,23.0,NWE,4,120,Oklahoma,Big 12,6.0,0.0,0.0,0.0,0.0,0.0,101.0,665.0,7.0,18.0,211.0,0.0,114.9,-0.4912628194924452,17,3,6
John Bates,2021,TE,23.0,WAS,4,124,Boise State,MWC,5.0,0.0,0.0,0.0,0.0,0.0,0.0,0.0,0.0,12.0,117.0,0.0,50.9,0.7876858088811058,20,9,45
Chuba Hubbard,2021,RB,22.0,CAR,4,126,Oklahoma State,Big 12,7.0,0.0,0.0,0.0,0.0,0.0,133.0,625.0,5.0,8.0,52.0,1.0,137.6,0.14821149469433112,25,3,21
Kylen Granson,2021,TE,23.0,IND,4,127,SMU,American,10.0,0.0,0.0,0.0,0.0,0.0,1.0,0.0,0.0,35.0,536.0,5.0,21.6,-0.2781047147635192,14,6,66
Jaelon Darden,2021,WR,22.0,TAM,4,129,North Texas,CUSA,9.0,0.0,0.0,0.0,0.0,0.0,1.0,-3.0,0.0,74.0,1190.0,19.0,11.4,-0.06494661003459484,2,11,118
Tylan Wallace,2021,WR,22.0,BAL,4,131,Oklahoma State,Big 12,10.0,0.0,0.0,0.0,0.0,0.0,1.0,7.0,0.0,59.0,922.0,6.0,4.3,-1.13073713367922,6,3,21
Ian Book,2021,QB,23.0,NOR,4,133,Notre Dame,ACC,12.0,228.0,353.0,2830.0,15.0,3.0,116.0,485.0,9.0,0.0,0.0,0.0,2.0,-0.06494661003459484,19,5,19
Jacob Harris,2021,WR,24.0,LAR,4,141,UCF,American,10.0,0.0,0.0,0.0,0.0,0.0,0.0,0.0,0.0,30.0,539.0,8.0,0.0,2.492950646712507,5,6,36
Luke Farrell,2021,TE,23.0,JAX,5,145,Ohio State,Big Ten,7.0,0.0,0.0,0.0,0.0,0.0,0.0,0.0,0.0,5.0,37.0,1.0,12.6,-0.2781047147635192,29,4,2
Brevin Jordan,2021,TE,21.0,HOU,5,147,Miami (FL),ACC,8.0,1.0,1.0,15.0,0.0,0.0,2.0,1.0,0.0,38.0,576.0,7.0,55.8,-0.2781047147635192,32,5,33
Kenny Gainwell,2020,RB,22.0,PHI,5,150,Memphis,American,14.0,0.0,0.0,0.0,0.0,0.0,231.0,1459.0,13.0,51.0,610.0,3.0,0.0,-1.5746620931960695,12,5,16
Ihmir Smith-Marsette,2021,WR,22.0,MIN,5,157,Iowa,Big Ten,7.0,0.0,0.0,0.0,0.0,0.0,7.0,54.0,1.0,25.0,345.0,3.0,28.6,0.14821149469433112,18,4,13
Noah Gray,2021,TE,22.0,KAN,5,162,Duke,ACC,10.0,1.0,1.0,11.0,0.0,0.0,2.0,3.0,0.0,29.0,285.0,2.0,16.6,1.427160123067882,1,5,110
Simi Fehoko,2021,WR,23.0,DAL,5,179,Stanford,Pac-12,6.0,0.0,0.0,0.0,0.0,0.0,1.0,-1.0,0.0,37.0,574.0,3.0,0.0,-0.06494661003459484,12,8,86
Cornell Powell,2021,WR,23.0,KAN,5,181,Clemson,ACC,12.0,0.0,0.0,0.0,0.0,0.0,0.0,0.0,0.0,53.0,882.0,7.0,0.0,-1.13073713367922,1,5,8
Ben Mason,2021,FB,22.0,BAL,5,184,Michigan,Big Ten,6.0,0.0,0.0,0.0,0.0,0.0,0.0,0.0,0.0,2.0,17.0,1.0,0.0,,6,4,75
Frank Darby,2021,WR,23.0,ATL,6,187,Arizona State,Pac-12,4.0,0.0,0.0,0.0,0.0,0.0,0.0,0.0,0.0,6.0,46.0,1.0,2.4,-0.2781047147635192,23,8,48
Elijah Mitchell,2021,RB,23.0,SFO,6,194,Louisiana,Sun Belt,10.0,0.0,0.0,0.0,0.0,0.0,141.0,878.0,8.0,16.0,153.0,0.0,165.0,0.14821149469433112,10,7,27
Gary Brightwell,2021,RB,22.0,NYG,6,196,Arizona,Pac-12,5.0,0.0,0.0,0.0,0.0,0.0,88.0,390.0,1.0,13.0,53.0,0.0,2.0,-0.2781047147635192,24,8,113
Larry Rountree,2021,RB,22.0,LAC,6,198,Missouri,SEC,10.0,0.0,0.0,0.0,0.0,0.0,209.0,972.0,14.0,15.0,100.0,0.0,15.6,1.6403182277968065,15,1,47
Chris Evans,2021,RB,23.0,CIN,6,202,Michigan,Big Ten,6.0,0.0,0.0,0.0,0.0,0.0,16.0,73.0,1.0,9.0,87.0,0.0,49.8,1.0008439136100318,28,4,75
Marquez Stevenson,2021,WR,23.0,BUF,6,203,Houston,American,5.0,0.0,0.0,0.0,0.0,0.0,3.0,16.0,0.0,20.0,307.0,4.0,0.0,0.14821149469433112,3,6,84
Shi Smith,2021,WR,22.0,CAR,6,204,South Carolina,SEC,9.0,0.0,2.0,0.0,0.0,0.0,6.0,6.0,0.0,57.0,633.0,4.0,16.1,1.2140020183389562,25,1,87
Racey McMath,2021,WR,22.0,TEN,6,205,LSU,SEC,6.0,0.0,0.0,0.0,0.0,0.0,0.0,0.0,0.0,14.0,195.0,1.0,0.8,0.7876858088811058,9,1,32
Jalen Camp,2021,WR,23.0,JAX,6,209,Georgia Tech,ACC,10.0,0.0,0.0,0.0,0.0,0.0,0.0,0.0,0.0,29.0,439.0,4.0,0.0,1.427160123067882,29,5,95
Demetric Felton,2021,RB,23.0,CLE,6,211,UCLA,Pac-12,6.0,0.0,0.0,0.0,0.0,0.0,132.0,668.0,5.0,22.0,159.0,3.0,50.5,1.2140020183389562,7,8,69
Khalil Herbert,2021,RB,23.0,CHI,6,217,Virginia Tech,ACC,11.0,0.0,0.0,0.0,0.0,0.0,154.0,1182.0,8.0,10.0,179.0,1.0,78.9,0.7876858088811058,22,5,51
Sam Ehlinger,2021,QB,22.0,IND,6,218,Texas,Big 12,10.0,194.0,322.0,2566.0,26.0,5.0,113.0,377.0,8.0,0.0,0.0,0.0,0.9,-0.2781047147635192,14,3,17
Seth Williams,2021,WR,21.0,DEN,6,219,Auburn,SEC,11.0,0.0,0.0,0.0,0.0,0.0,0.0,0.0,0.0,47.0,760.0,4.0,4.4,-1.343895238408146,26,1,23
Dazz Newsome,2021,WR,22.0,CHI,6,221,North Carolina,ACC,12.0,0.0,0.0,0.0,0.0,0.0,2.0,21.0,1.0,54.0,684.0,6.0,4.3,1.2140020183389562,22,5,30
Jake Funk,2021,RB,23.0,LAR,7,233,Maryland,Big Ten,5.0,0.0,0.0,0.0,0.0,0.0,60.0,516.0,3.0,10.0,68.0,1.0,0.5,-0.2781047147635192,5,4,58
Tre Nixon,2021,WR,23.0,NWE,7,242,UCF,American,4.0,0.0,0.0,0.0,0.0,0.0,0.0,0.0,0.0,19.0,260.0,2.0,0.0,-0.2781047147635192,17,6,36
Gerrid Doaks,2021,RB,23.0,MIA,7,244,Cincinnati,American,9.0,0.0,0.0,0.0,0.0,0.0,144.0,673.0,7.0,14.0,202.0,2.0,0.0,0.36136959942325547,16,6,10
Ben Skowronek,2021,WR,24.0,LAR,7,249,Notre Dame,ACC,11.0,0.0,0.0,0.0,0.0,0.0,2.0,17.0,1.0,29.0,439.0,5.0,24.3,2.492950646712507,5,5,19
Kawaan Baker,2021,WR,23.0,NOR,7,255,South Alabama,Sun Belt,11.0,0.0,0.0,0.0,0.0,0.0,13.0,42.0,0.0,51.0,659.0,8.0,0.0,-0.06494661003459484,19,7,102
Kylin Hill,2021,RB,23.0,GNB,7,256,Mississippi State,SEC,3.0,0.0,0.0,0.0,0.0,0.0,15.0,58.0,0.0,23.0,237.0,1.0,3.9,0.5745277041521815,4,1,44
Jermar Jefferson,2021,RB,21.0,DET,7,257,Oregon State,Pac-12,6.0,0.0,0.0,0.0,0.0,0.0,133.0,858.0,7.0,9.0,67.0,0.0,25.7,-0.4912628194924452,31,8,94
Dax Milne,2021,WR,22.0,WAS,7,258,BYU,Ind,12.0,0.0,0.0,0.0,0.0,0.0,11.0,67.0,0.0,70.0,1188.0,8.0,15.4,-1.13073713367922,20,10,11
Drake London,2022,WR,21.0,ATL,1,8,USC,Pac-12,8.0,0.0,0.0,0.0,0.0,0.0,1.0,2.0,0.0,88.0,1084.0,7.0,178.6,0.11723731805440041,32,5,85
Garrett Wilson,2022,WR,22.0,NYJ,1,10,Ohio State,Big Ten,11.0,0.0,0.0,0.0,0.0,0.0,4.0,76.0,1.0,70.0,1058.0,12.0,215.7,-0.11723731805440041,30,1,4
Chris Olave,2022,WR,22.0,NOR,1,11,Ohio State,Big Ten,12.0,0.0,0.0,0.0,0.0,0.0,0.0,0.0,0.0,65.0,936.0,13.0,198.2,1.0551358624896072,20,1,4
Jameson Williams,2022,WR,21.0,DET,1,12,Alabama,SEC,15.0,0.0,0.0,0.0,0.0,0.0,3.0,23.0,0.0,79.0,1572.0,15.0,15.1,0.351711954163203,26,2,3
Jahan Dotson,2022,WR,22.0,WAS,1,16,Penn State,Big Ten,12.0,2.0,2.0,43.0,0.0,0.0,6.0,18.0,1.0,91.0,1182.0,12.0,130.6,0.351711954163203,21,1,18
Treylon Burks,2022,WR,22.0,TEN,1,18,Arkansas,SEC,12.0,0.0,2.0,0.0,0.0,0.0,14.0,112.0,1.0,66.0,1104.0,11.0,94.1,-1.993034406924814,11,2,14
Kenny Pickett,2022,QB,24.0,PIT,1,20,Pittsburgh,ACC,13.0,334.0,497.0,4319.0,42.0,7.0,97.0,241.0,5.0,0.0,0.0,0.0,149.9,-1.2896104985984098,22,4,11
Breece Hall,2022,RB,21.0,NYJ,2,36,Iowa State,Big 12,12.0,0.0,0.0,0.0,0.0,0.0,253.0,1464.0,20.0,36.0,302.0,3.0,115.1,-0.351711954163203,30,3,25
Kenneth Walker III,2022,RB,21.0,SEA,2,41,Michigan State,Big Ten,12.0,0.0,0.0,0.0,0.0,0.0,263.0,1636.0,18.0,13.0,89.0,1.0,202.5,-0.11723731805440041,24,1,8
Wan'Dale Robinson,2022,WR,21.0,NYG,2,43,Kentucky,SEC,13.0,0.0,0.0,0.0,0.0,0.0,7.0,111.0,0.0,104.0,1334.0,7.0,51.6,0.351711954163203,28,2,27
John Metchie,2022,WR,22.0,HOU,2,44,Alabama,SEC,13.0,0.0,0.0,0.0,0.0,0.0,1.0,8.0,0.0,96.0,1142.0,8.0,0.0,-0.351711954163203,31,2,3
Tyquan Thornton,2022,WR,21.0,NWE,2,50,Baylor,Big 12,14.0,1.0,1.0,6.0,1.0,0.0,1.0,-11.0,0.0,62.0,948.0,10.0,66.3,-0.351711954163203,16,3,10
George Pickens,2022,WR,21.0,PIT,2,52,Georgia,SEC,4.0,0.0,0.0,0.0,0.0,0.0,0.0,0.0,0.0,5.0,107.0,0.0,166.5,-0.8206612263808064,22,2,1
Alec Pierce,2022,WR,22.0,IND,2,53,Cincinnati,American,14.0,0.0,0.0,0.0,0.0,0.0,0.0,0.0,0.0,52.0,884.0,7.0,112.3,-0.351711954163203,14,6,6
Skyy Moore,2022,WR,21.0,KAN,2,54,Western Michigan,MAC,12.0,0.0,0.0,0.0,0.0,0.0,1.0,10.0,0.0,95.0,1292.0,9.0,43.4,-1.2896104985984098,4,11,69
Trey McBride,2022,TE,22.0,ARI,2,55,Colorado State,MWC,12.0,0.0,0.0,0.0,0.0,0.0,1.0,69.0,1.0,90.0,1121.0,1.0,61.5,0.11723731805440041,18,7,102
James Cook,2022,RB,22.0,BUF,2,63,Georgia,SEC,15.0,0.0,0.0,0.0,0.0,0.0,113.0,728.0,7.0,27.0,284.0,4.0,105.7,-0.5861865902720038,1,2,1
Velus Jones Jr.,2022,WR,25.0,CHI,3,71,Tennessee,SEC,13.0,0.0,0.0,0.0,0.0,0.0,1.0,15.0,0.0,62.0,807.0,7.0,34.0,1.0551358624896072,25,2,31
Jelani Woods,2022,TE,23.0,IND,3,73,Virginia,ACC,11.0,0.0,0.0,0.0,0.0,0.0,1.0,1.0,0.0,44.0,598.0,8.0,74.2,1.0551358624896072,14,4,63
Desmond Ridder,2022,QB,23.0,ATL,3,74,Cincinnati,American,14.0,251.0,387.0,3334.0,30.0,8.0,110.0,365.0,6.0,2.0,8.0,2.0,38.7,-0.5861865902720038,32,6,6
Greg Dulcich,2022,TE,22.0,DEN,3,80,UCLA,Pac-12,12.0,0.0,0.0,0.0,0.0,0.0,0.0,0.0,0.0,42.0,725.0,5.0,86.1,1.0551358624896072,12,5,34
Malik Willis,2022,QB,23.0,TEN,3,86,Liberty,Ind,13.0,207.0,339.0,2862.0,27.0,12.0,197.0,878.0,13.0,1.0,13.0,0.0,19.3,-0.8206612263808064,11,8,55
Jalen Tolbert,2022,WR,23.0,DAL,3,88,South Alabama,Sun Belt,12.0,0.0,0.0,0.0,0.0,0.0,0.0,0.0,0.0,82.0,1474.0,8.0,3.2,-0.5861865902720038,10,9,101
Rachaad White,2022,RB,23.0,TAM,3,91,Arizona State,Pac-12,11.0,0.0,0.0,0.0,0.0,0.0,182.0,1006.0,15.0,43.0,456.0,1.0,139.1,-0.351711954163203,2,5,37
Tyrion Davis-Price,2022,RB,21.0,SFO,3,93,LSU,SEC,12.0,0.0,0.0,0.0,0.0,0.0,211.0,1003.0,6.0,10.0,64.0,0.0,9.9,1.993034406924814,7,2,49
Matt Corral,2022,QB,23.0,CAR,3,94,Mississippi,SEC,13.0,262.0,386.0,3349.0,20.0,5.0,152.0,614.0,11.0,1.0,19.0,0.0,0.0,-1.0551358624896072,29,2,16
Brian Robinson Jr.,2022,RB,23.0,WAS,3,98,Alabama,SEC,14.0,0.0,0.0,0.0,0.0,0.0,271.0,1343.0,14.0,35.0,296.0,2.0,112.7,-0.11723731805440041,21,2,3
David Bell,2022,WR,21.0,CLE,3,99,Purdue,Big Ten,11.0,0.0,0.0,0.0,0.0,0.0,3.0,39.0,0.0,93.0,1286.0,6.0,45.4,-0.8206612263808064,17,1,20
Jeremy Ruckert,2022,TE,22.0,NYJ,3,101,Ohio State,Big Ten,12.0,0.0,0.0,0.0,0.0,0.0,0.0,0.0,0.0,26.0,309.0,3.0,1.8,0.351711954163203,30,1,4
Danny Gray,2022,WR,23.0,SFO,3,105,SMU,American,10.0,0.0,0.0,0.0,0.0,0.0,3.0,40.0,0.0,49.0,803.0,9.0,2.9,-0.11723731805440041,7,6,41
Cade Otton,2022,TE,23.0,TAM,4,106,Washington,Pac-12,8.0,0.0,0.0,0.0,0.0,0.0,0.0,0.0,0.0,28.0,250.0,1.0,93.1,-1.0551358624896072,2,5,91
Dameon Pierce,2022,RB,22.0,HOU,4,107,Florida,SEC,13.0,0.0,0.0,0.0,0.0,0.0,100.0,574.0,13.0,19.0,216.0,3.0,166.4,1.2896104985984098,31,2,50
Daniel Bellinger,2022,TE,21.0,NYG,4,112,San Diego State,MWC,13.0,0.0,0.0,0.0,0.0,0.0,1.0,2.0,0.0,31.0,357.0,2.0,75.0,-1.2896104985984098,28,7,38
Zamir White,2022,RB,22.0,LVR,4,122,Georgia,SEC,15.0,0.0,0.0,0.0,0.0,0.0,160.0,856.0,11.0,9.0,75.0,0.0,7.0,1.5240851347072106,13,2,1
Isaiah Spiller,2022,RB,21.0,LAC,4,123,Texas A&M,SEC,12.0,0.0,0.0,0.0,0.0,0.0,179.0,1011.0,6.0,25.0,189.0,1.0,8.4,2.4619836791424174,8,2,19
Erik Ezukanma,2022,WR,22.0,MIA,4,125,Texas Tech,Big 12,11.0,0.0,0.0,0.0,0.0,0.0,10.0,138.0,2.0,48.0,705.0,4.0,1.3,-0.5861865902720038,19,3,61
Charlie Kolar,2022,TE,23.0,BAL,4,128,Iowa State,Big 12,12.0,0.0,0.0,0.0,0.0,0.0,0.0,0.0,0.0,62.0,756.0,6.0,8.9,0.351711954163203,9,3,25
Jake Ferguson,2022,TE,23.0,DAL,4,129,Wisconsin,Big Ten,13.0,0.0,0.0,0.0,0.0,0.0,0.0,0.0,0.0,46.0,450.0,3.0,48.4,-0.5861865902720038,10,1,9
Hassan Haskins,2022,RB,22.0,TEN,4,131,Michigan,Big Ten,14.0,0.0,0.0,0.0,0.0,0.0,270.0,1327.0,20.0,18.0,131.0,0.0,26.0,1.5240851347072106,11,1,2
Romeo Doubs,2022,WR,22.0,GNB,4,132,Nevada,MWC,11.0,0.0,0.0,0.0,0.0,0.0,1.0,4.0,0.0,80.0,1109.0,11.0,101.6,2.227509043033615,6,7,57
Bailey Zappe,2022,QB,23.0,NWE,4,137,Western Kentucky,CUSA,14.0,475.0,687.0,5967.0,62.0,11.0,51.0,17.0,3.0,0.0,0.0,0.0,39.6,0.351711954163203,16,10,30
Calvin Austin III,2022,WR,23.0,PIT,4,138,Memphis,American,12.0,0.0,0.0,0.0,0.0,0.0,1.0,69.0,1.0,74.0,1149.0,8.0,0.0,-0.8206612263808064,22,6,83
Isaiah Likely,2022,TE,22.0,BAL,4,139,Coastal Carolina,Sun Belt,13.0,0.0,0.0,0.0,0.0,0.0,3.0,10.0,0.0,59.0,912.0,12.0,91.3,0.351711954163203,9,9,53
Chigoziem Okonkwo,2022,TE,22.0,TEN,4,143,Maryland,Big Ten,13.0,0.0,0.0,0.0,0.0,0.0,0.0,0.0,0.0,52.0,447.0,5.0,97.2,-0.351711954163203,11,1,58
Sam Howell,2022,QB,21.0,WAS,5,144,North Carolina,ACC,12.0,217.0,347.0,3056.0,24.0,9.0,183.0,828.0,11.0,0.0,0.0,0.0,18.3,-0.351711954163203,21,4,56
Khalil Shakir,2022,WR,22.0,BUF,5,148,Boise State,MWC,12.0,0.0,1.0,0.0,0.0,1.0,21.0,130.0,0.0,77.0,1117.0,7.0,34.1,0.5861865902720038,1,7,26
Cole Turner,2022,TE,22.0,WAS,5,149,Nevada,MWC,11.0,0.0,0.0,0.0,0.0,0.0,0.0,0.0,0.0,62.0,677.0,10.0,4.3,-0.8206612263808064,21,7,57
Tyler Allgeier,2022,RB,22.0,ATL,5,151,BYU,Ind,13.0,0.0,0.0,0.0,0.0,0.0,276.0,1606.0,23.0,28.0,199.0,0.0,159.4,-0.351711954163203,32,8,32
Snoop Conner,2022,RB,22.0,JAX,5,154,Mississippi,SEC,13.0,0.0,0.0,0.0,0.0,0.0,130.0,647.0,13.0,14.0,82.0,0.0,10.2,0.351711954163203,27,2,16
Jerome Ford,2022,RB,22.0,CLE,5,156,Cincinnati,American,13.0,0.0,0.0,0.0,0.0,0.0,214.0,1319.0,19.0,21.0,220.0,1.0,1.2,-1.7585597708160132,17,6,6
Kyle Philips,2022,WR,23.0,TEN,5,163,UCLA,Pac-12,11.0,0.0,0.0,0.0,0.0,0.0,0.0,0.0,0.0,59.0,739.0,10.0,11.8,-1.993034406924814,11,5,34
Kyren Williams,2022,RB,22.0,LAR,5,164,Notre Dame,Ind,12.0,0.0,0.0,0.0,0.0,0.0,204.0,1002.0,14.0,42.0,359.0,3.0,30.5,0.351711954163203,3,8,5
Ty Chandler,2022,RB,24.0,MIN,5,169,North Carolina,ACC,13.0,0.0,0.0,0.0,0.0,0.0,182.0,1092.0,13.0,15.0,216.0,1.0,2.0,-0.5861865902720038,23,4,56
Teagan Quitoriano,2022,TE,22.0,HOU,5,170,Oregon State,Pac-12,13.0,0.0,0.0,0.0,0.0,0.0,0.0,0.0,0.0,19.0,214.0,3.0,30.3,1.0551358624896072,31,5,51
James Mitchell,2022,TE,23.0,DET,5,177,Virginia Tech,ACC,2.0,0.0,0.0,0.0,0.0,0.0,1.0,1.0,0.0,5.0,42.0,1.0,28.3,-1.5240851347072106,26,4,74
Kevin Harris,2022,RB,21.0,NWE,6,183,South Carolina,SEC,12.0,0.0,0.0,0.0,0.0,0.0,152.0,659.0,4.0,11.0,89.0,0.0,11.2,0.5861865902720038,16,2,65
Jalen Nailor,2022,WR,23.0,MIN,6,191,Michigan State,Big Ten,9.0,0.0,0.0,0.0,0.0,0.0,1.0,-3.0,0.0,37.0,694.0,6.0,32.9,0.11723731805440041,23,1,8
Tyler Badie,2022,RB,22.0,BAL,6,196,Missouri,SEC,12.0,0.0,0.0,0.0,0.0,0.0,268.0,1604.0,14.0,54.0,330.0,4.0,9.4,-1.0551358624896072,9,2,71
Grant Calcaterra,2022,TE,23.0,PHI,6,198,SMU,American,12.0,0.0,0.0,0.0,0.0,0.0,0.0,0.0,0.0,38.0,465.0,4.0,13.1,-0.8206612263808064,15,6,41
Keaontay Ingram,2022,RB,22.0,ARI,6,201,USC,Pac-12,10.0,0.0,0.0,0.0,0.0,0.0,156.0,911.0,5.0,22.0,156.0,0.0,18.1,0.351711954163203,18,5,85
Michael Woods II,2022,WR,22.0,CLE,6,202,Oklahoma,Big 12,11.0,0.0,0.0,0.0,0.0,0.0,1.0,2.0,0.0,35.0,400.0,2.0,9.0,-0.8206612263808064,17,3,13
Trestan Ebner,2022,RB,23.0,CHI,6,203,Baylor,Big 12,14.0,0.0,0.0,0.0,0.0,0.0,148.0,799.0,2.0,28.0,284.0,2.0,6.2,-1.7585597708160132,25,3,10
Connor Heyward,2022,TE,23.0,PIT,6,208,Michigan State,Big Ten,13.0,0.0,0.0,0.0,0.0,0.0,1.0,7.0,0.0,35.0,326.0,2.0,35.8,-0.8206612263808064,22,1,8
John FitzPatrick,2022,TE,22.0,ATL,6,213,Georgia,SEC,15.0,0.0,0.0,0.0,0.0,0.0,0.0,0.0,0.0,6.0,83.0,0.0,0.0,-1.7585597708160132,32,2,1
Ko Kieft,2022,TE,24.0,TAM,6,218,Minnesota,Big Ten,13.0,0.0,0.0,0.0,0.0,0.0,0.0,0.0,0.0,7.0,101.0,1.0,21.0,-1.0551358624896072,2,1,22
Nick Muse,2022,TE,23.0,MIN,7,227,South Carolina,SEC,13.0,0.0,0.0,0.0,0.0,0.0,0.0,0.0,0.0,20.0,222.0,2.0,0.0,-1.0551358624896072,23,2,65
Bo Melton,2022,WR,23.0,SEA,7,229,Rutgers,Big Ten,11.0,0.0,0.0,0.0,0.0,0.0,9.0,51.0,0.0,55.0,618.0,3.0,0.0,1.0551358624896072,24,1,82
Skylar Thompson,2022,QB,25.0,MIA,7,247,Kansas State,Big 12,10.0,162.0,233.0,2113.0,12.0,4.0,48.0,4.0,4.0,0.0,0.0,0.0,17.5,-1.7585597708160132,19,3,24
Brittain Brown,2022,RB,24.0,LVR,7,250,UCLA,Pac-12,10.0,0.0,0.0,0.0,0.0,0.0,102.0,615.0,7.0,18.0,129.0,0.0,0.0,1.5240851347072106,13,5,34
Isiah Pacheco,2022,RB,23.0,KAN,7,251,Rutgers,Big Ten,12.0,1.0,1.0,1.0,0.0,0.0,167.0,647.0,5.0,13.0,25.0,0.0,135.0,1.7585597708160132,4,1,82
Samori Toure,2022,WR,24.0,GNB,7,258,Nebraska,Big Ten,12.0,0.0,0.0,0.0,0.0,0.0,8.0,63.0,1.0,46.0,898.0,5.0,19.2,2.227509043033615,6,1,35
Alexander Horvath,2022,RB,23.0,LAC,7,260,Purdue,Big Ten,8.0,0.0,0.0,0.0,0.0,0.0,91.0,320.0,3.0,17.0,108.0,0.0,0.0,2.4619836791424174,8,1,20
Brock Purdy,2022,QB,22.0,SFO,7,262,Iowa State,Big 12,13.0,292.0,407.0,3188.0,19.0,8.0,85.0,238.0,1.0,0.0,0.0,0.0,106.3,1.0551358624896072,7,3,25
Bryce Young,2023,QB,22.0,CAR,1,1,Alabama,SEC,12.0,245.0,380.0,3328.0,32.0,5.0,49.0,185.0,4.0,0.0,0.0,0.0,156.4,1.0318237203084863,22,1,4
C.J. Stroud,2023,QB,21.0,HOU,1,2,Ohio State,Big Ten,13.0,258.0,389.0,3688.0,41.0,6.0,47.0,108.0,0.0,0.0,0.0,0.0,276.0,-0.587290208581886,31,3,3
Anthony Richardson,2023,QB,21.0,IND,1,4,Florida,SEC,12.0,176.0,327.0,2549.0,17.0,9.0,103.0,654.0,9.0,0.0,0.0,0.0,72.7,-0.12468622889892216,29,1,33
Bijan Robinson,2023,RB,21.0,ATL,1,8,Texas,Big 12,12.0,0.0,0.0,0.0,0.0,0.0,258.0,1580.0,18.0,19.0,314.0,2.0,246.3,0.8005217304670054,28,2,9
Jahmyr Gibbs,2023,RB,21.0,DET,1,12,Alabama,SEC,12.0,0.0,0.0,0.0,0.0,0.0,151.0,926.0,7.0,44.0,444.0,3.0,242.1,0.5692197406255226,10,1,4
Jaxon Smith-Njigba,2023,WR,21.0,SEA,1,20,Ohio State,Big Ten,3.0,0.0,0.0,0.0,0.0,0.0,0.0,0.0,0.0,5.0,43.0,0.0,149.8,1.263125710149969,12,3,3
Quentin Johnston,2023,WR,22.0,LAC,1,21,TCU,Big 12,14.0,0.0,0.0,0.0,0.0,0.0,3.0,-7.0,0.0,60.0,1069.0,6.0,94.0,-1.0498941882648496,9,2,7
Zay Flowers,2023,WR,22.0,BAL,1,22,Boston College,ACC,12.0,0.0,0.0,0.0,0.0,0.0,12.0,40.0,0.0,78.0,1077.0,12.0,206.4,0.8005217304670054,8,5,96
Jordan Addison,2023,WR,21.0,MIN,1,23,USC,Pac-12,11.0,0.0,0.0,0.0,0.0,0.0,4.0,33.0,0.0,59.0,875.0,8.0,221.3,0.10661576094255885,15,4,16
Dalton Kincaid,2023,TE,23.0,BUF,1,25,Utah,Pac-12,12.0,0.0,0.0,0.0,0.0,0.0,0.0,0.0,0.0,70.0,890.0,8.0,150.3,-0.12468622889892216,5,4,10
Will Levis,2023,QB,24.0,TEN,2,33,Kentucky,SEC,11.0,185.0,283.0,2406.0,19.0,10.0,72.0,-107.0,2.0,0.0,0.0,0.0,102.0,0.5692197406255226,26,1,40
Sam LaPorta,2023,TE,22.0,DET,2,34,Iowa,Big Ten,12.0,0.0,0.0,0.0,0.0,0.0,2.0,6.0,0.0,58.0,657.0,1.0,239.3,0.10661576094255885,10,3,29
Michael Mayer,2023,TE,22.0,LVR,2,35,Notre Dame,Ind,12.0,0.0,0.0,0.0,0.0,0.0,0.0,0.0,0.0,67.0,809.0,9.0,71.4,0.10661576094255885,23,8,20
Jonathan Mingo,2023,WR,22.0,CAR,2,39,Mississippi,SEC,13.0,0.0,0.0,0.0,0.0,0.0,4.0,-7.0,1.0,51.0,861.0,5.0,84.8,-0.3559882187404049,22,1,28
Luke Musgrave,2023,TE,23.0,GNB,2,42,Oregon State,Pac-12,2.0,0.0,0.0,0.0,0.0,0.0,0.0,0.0,0.0,11.0,169.0,1.0,75.2,1.7257296898329328,20,4,15
Jayden Reed,2023,WR,23.0,GNB,2,50,Michigan State,Big Ten,11.0,1.0,1.0,25.0,1.0,0.0,4.0,11.0,0.0,55.0,636.0,5.0,217.2,1.0318237203084863,20,3,67
Zach Charbonnet,2023,RB,22.0,SEA,2,52,UCLA,Pac-12,10.0,0.0,0.0,0.0,0.0,0.0,195.0,1359.0,14.0,37.0,321.0,0.0,106.1,-1.0498941882648496,12,4,25
Rashee Rice,2023,WR,23.0,KAN,2,55,SMU,American,12.0,0.0,0.0,0.0,0.0,0.0,0.0,0.0,0.0,96.0,1355.0,10.0,212.5,1.0318237203084863,1,6,57
Luke Schoonmaker,2023,TE,24.0,DAL,2,58,Michigan,Big Ten,12.0,0.0,0.0,0.0,0.0,0.0,0.0,0.0,0.0,35.0,418.0,3.0,26.5,-1.0498941882648496,7,3,2
Brenton Strange,2023,TE,22.0,JAX,2,61,Penn State,Big Ten,13.0,0.0,0.0,0.0,0.0,0.0,1.0,0.0,0.0,32.0,362.0,5.0,14.5,-0.3559882187404049,11,3,6
Marvin Mims,2023,WR,21.0,DEN,2,63,Oklahoma,Big 12,13.0,0.0,0.0,0.0,0.0,0.0,2.0,3.0,0.0,54.0,1083.0,6.0,70.7,-0.12468622889892216,21,2,26
Hendon Hooker,2023,QB,25.0,DET,3,68,Tennessee,SEC,11.0,229.0,329.0,3135.0,27.0,2.0,104.0,430.0,5.0,0.0,0.0,0.0,0.0,-0.587290208581886,10,1,5
Nathaniel Dell,2023,WR,23.0,HOU,3,69,Houston,American,13.0,0.0,0.0,0.0,0.0,0.0,4.0,9.0,0.0,109.0,1398.0,17.0,0.0,-1.2811961781063324,31,6,56
Kendre Miller,2023,RB,21.0,NOR,3,71,TCU,Big 12,14.0,0.0,0.0,0.0,0.0,0.0,224.0,1399.0,17.0,16.0,116.0,0.0,43.3,-1.0498941882648496,19,2,7
Jalin Hyatt,2023,WR,21.0,NYG,3,73,Tennessee,SEC,12.0,0.0,0.0,0.0,0.0,0.0,1.0,0.0,0.0,67.0,1267.0,15.0,60.3,0.3379177507840416,16,1,5
Cedric Tillman,2023,WR,23.0,CLE,3,74,Tennessee,SEC,6.0,0.0,0.0,0.0,0.0,0.0,0.0,0.0,0.0,37.0,417.0,3.0,44.2,0.10661576094255885,18,1,5
Josh Downs,2023,WR,22.0,IND,3,79,North Carolina,ACC,11.0,0.0,0.0,0.0,0.0,0.0,0.0,0.0,0.0,94.0,1029.0,11.0,157.1,0.3379177507840416,29,5,45
Tyjae Spears,2023,RB,22.0,TEN,3,81,Tulane,American,14.0,0.0,0.0,0.0,0.0,0.0,229.0,1581.0,19.0,22.0,256.0,2.0,153.8,0.3379177507840416,26,6,19
De'Von Achane,2023,RB,21.0,MIA,3,84,Texas A&M,SEC,10.0,0.0,0.0,0.0,0.0,0.0,196.0,1102.0,8.0,36.0,196.0,3.0,190.7,1.0318237203084863,6,1,61
Tank Bigsby,2023,RB,22.0,JAX,3,88,Auburn,SEC,12.0,0.0,0.0,0.0,0.0,0.0,179.0,970.0,10.0,30.0,180.0,0.0,22.8,-0.3559882187404049,11,1,55
Darnell Washington,2023,TE,22.0,PIT,3,93,Georgia,SEC,15.0,0.0,0.0,0.0,0.0,0.0,0.0,0.0,0.0,28.0,454.0,2.0,13.1,-0.8185921984233686,14,1,1
Michael Wilson,2023,WR,23.0,ARI,3,94,Stanford,Pac-12,6.0,0.0,0.0,0.0,0.0,0.0,4.0,47.0,0.0,26.0,418.0,4.0,114.5,1.0318237203084863,32,4,86
Tre Tucker,2023,WR,22.0,LVR,3,100,Cincinnati,American,12.0,0.0,0.0,0.0,0.0,0.0,1.0,8.0,0.0,52.0,671.0,3.0,71.8,0.10661576094255885,23,6,42
Cameron Latu,2023,TE,23.0,SFO,3,101,Alabama,SEC,11.0,0.0,0.0,0.0,0.0,0.0,0.0,0.0,0.0,30.0,377.0,4.0,0.0,0.10661576094255885,4,1,4
Roschon Johnson,2023,RB,22.0,CHI,4,115,Texas,Big 12,12.0,0.0,0.0,0.0,0.0,0.0,93.0,554.0,5.0,14.0,128.0,1.0,102.1,-0.12468622889892216,24,2,9
Derius Davis,2023,WR,22.0,LAC,4,125,TCU,Big 12,14.0,0.0,0.0,0.0,0.0,0.0,3.0,30.0,1.0,42.0,531.0,5.0,35.7,-1.0498941882648496,9,2,7
Jake Haener,2023,QB,24.0,NOR,4,127,Fresno State,MWC,10.0,252.0,350.0,2896.0,20.0,3.0,46.0,-123.0,2.0,0.0,0.0,0.0,0.0,0.3379177507840416,19,9,50
Stetson Bennett,2023,QB,25.0,LAR,4,128,Georgia,SEC,15.0,310.0,454.0,4128.0,27.0,7.0,57.0,205.0,10.0,0.0,0.0,0.0,0.0,-0.12468622889892216,27,1,1
Charlie Jones,2023,WR,24.0,CIN,4,131,Purdue,Big Ten,13.0,0.0,0.0,0.0,0.0,0.0,2.0,3.0,0.0,110.0,1361.0,12.0,20.7,-0.8185921984233686,3,3,58
Tyler Scott,2023,WR,21.0,CHI,4,133,Cincinnati,American,11.0,0.0,0.0,0.0,0.0,0.0,0.0,0.0,0.0,54.0,899.0,9.0,35.9,-0.12468622889892216,24,6,42
Aidan O'Connell,2023,QB,25.0,LVR,4,135,Purdue,Big Ten,12.0,320.0,499.0,3490.0,22.0,13.0,43.0,-81.0,1.0,0.0,0.0,0.0,125.8,-0.3559882187404049,23,3,58
Clayton Tune,2023,QB,24.0,ARI,5,139,Houston,American,13.0,334.0,496.0,4074.0,40.0,10.0,128.0,544.0,5.0,0.0,0.0,0.0,7.5,0.5692197406255226,32,6,56
Dorian Thompson-Robinson,2023,QB,23.0,CLE,5,140,UCLA,Pac-12,13.0,266.0,382.0,3169.0,27.0,10.0,118.0,645.0,12.0,0.0,0.0,0.0,22.1,0.10661576094255885,18,4,25
Israel Abanikanda,2023,RB,20.0,NYJ,5,143,Pittsburgh,ACC,11.0,0.0,0.0,0.0,0.0,0.0,239.0,1431.0,20.0,12.0,146.0,1.0,16.3,-0.8185921984233686,13,5,30
Josh Whyle,2023,TE,23.0,TEN,5,147,Cincinnati,American,12.0,0.0,0.0,0.0,0.0,0.0,0.0,0.0,0.0,32.0,326.0,3.0,24.4,1.49442769999145,26,6,42
Sean Clifford,2023,QB,25.0,GNB,5,149,Penn State,Big Ten,13.0,226.0,351.0,2822.0,24.0,7.0,69.0,176.0,5.0,2.0,24.0,0.0,1.3,1.0318237203084863,20,3,6
Justin Shorter,2023,WR,23.0,BUF,5,150,Florida,SEC,9.0,0.0,0.0,0.0,0.0,0.0,0.0,0.0,0.0,29.0,577.0,2.0,0.0,0.5692197406255226,5,1,33
Dontayvion Wicks,2023,WR,22.0,GNB,5,159,Virginia,ACC,8.0,0.0,0.0,0.0,0.0,0.0,0.0,0.0,0.0,30.0,430.0,2.0,119.8,1.0318237203084863,20,5,100
Will Mallory,2023,TE,24.0,IND,5,162,Miami (FL),ACC,12.0,0.0,0.0,0.0,0.0,0.0,0.0,0.0,0.0,42.0,538.0,3.0,38.7,0.3379177507840416,29,5,81
Chase Brown,2023,RB,23.0,CIN,5,163,Illinois,Big Ten,12.0,0.0,1.0,0.0,0.0,0.0,328.0,1643.0,10.0,27.0,240.0,3.0,53.5,-0.3559882187404049,3,3,22
Jaren Hall,2023,QB,25.0,MIN,5,164,BYU,Ind,12.0,248.0,376.0,3171.0,31.0,6.0,86.0,350.0,3.0,2.0,28.0,1.0,2.1,0.8005217304670054,15,8,65
Payne Durham,2023,TE,23.0,TAM,5,171,Purdue,Big Ten,13.0,0.0,0.0,0.0,0.0,0.0,1.0,4.0,0.0,56.0,560.0,8.0,10.8,0.5692197406255226,30,3,58
Eric Gray,2023,RB,23.0,NYG,5,172,Oklahoma,Big 12,12.0,1.0,2.0,0.0,0.0,1.0,213.0,1366.0,11.0,33.0,229.0,0.0,13.0,0.3379177507840416,16,2,26
Davis Allen,2023,TE,22.0,LAR,5,175,Clemson,ACC,14.0,0.0,1.0,0.0,0.0,0.0,0.0,0.0,0.0,39.0,443.0,5.0,25.5,-1.0498941882648496,27,5,12
Evan Hull,2023,RB,22.0,IND,5,176,Northwestern,Big Ten,12.0,0.0,0.0,0.0,0.0,0.0,221.0,913.0,5.0,55.0,546.0,2.0,1.7,-1.743800157789296,29,3,105
Puka Nacua,2023,WR,22.0,LAR,5,177,BYU,Ind,9.0,0.0,0.0,0.0,0.0,0.0,25.0,209.0,5.0,48.0,625.0,5.0,298.5,-0.12468622889892216,27,8,65
Parker Washington,2023,WR,21.0,JAX,6,185,Penn State,Big Ten,10.0,0.0,0.0,0.0,0.0,0.0,2.0,8.0,0.0,46.0,611.0,2.0,39.2,-1.9751021476307773,11,3,6
Kayshon Boutte,2023,WR,21.0,NWE,6,187,LSU,SEC,11.0,0.0,0.0,0.0,0.0,0.0,1.0,41.0,0.0,48.0,538.0,2.0,3.9,-1.2811961781063324,17,1,14
Tanner McKee,2023,QB,23.0,PHI,6,188,Stanford,Pac-12,12.0,264.0,426.0,2947.0,13.0,8.0,74.0,-90.0,2.0,0.0,0.0,0.0,0.0,-0.3559882187404049,2,4,86
Trey Palmer,2023,WR,22.0,TAM,6,191,Nebraska,Big Ten,12.0,0.0,0.0,0.0,0.0,0.0,5.0,75.0,0.0,71.0,1043.0,9.0,95.7,-1.0498941882648496,30,3,77
Christopher Rodriguez,2023,RB,22.0,WAS,6,193,Kentucky,SEC,8.0,0.0,0.0,0.0,0.0,0.0,175.0,904.0,6.0,5.0,41.0,0.0,0.0,-0.3559882187404049,25,1,40
A.T. Perry,2023,WR,23.0,NOR,6,195,Wake Forest,ACC,13.0,0.0,0.0,0.0,0.0,0.0,0.0,0.0,0.0,81.0,1096.0,11.0,60.6,0.5692197406255226,19,5,24
Elijah Higgins,2023,WR,22.0,MIA,6,197,Stanford,Pac-12,12.0,0.0,0.0,0.0,0.0,0.0,4.0,48.0,0.0,59.0,704.0,2.0,36.3,-0.8185921984233686,6,4,86
Xavier Hutchinson,2023,WR,23.0,HOU,6,205,Iowa State,Big 12,12.0,0.0,1.0,0.0,0.0,0.0,0.0,0.0,0.0,107.0,1171.0,6.0,21.9,-1.2811961781063324,31,2,44
Demario Douglas,2023,WR,22.0,NWE,6,210,Liberty,Ind,13.0,0.0,0.0,0.0,0.0,0.0,5.0,105.0,1.0,79.0,993.0,6.0,107.2,-1.2811961781063324,17,8,78
Deuce Vaughn,2023,RB,21.0,DAL,6,212,Kansas State,Big 12,14.0,0.0,0.0,0.0,0.0,0.0,293.0,1558.0,9.0,42.0,378.0,3.0,15.0,0.8005217304670054,7,2,8
Zach Evans,2023,RB,22.0,LAR,6,215,Mississippi,SEC,12.0,0.0,0.0,0.0,0.0,0.0,144.0,936.0,9.0,12.0,119.0,1.0,1.9,1.0318237203084863,27,1,28
Antoine Green,2023,WR,23.0,DET,7,219,North Carolina,ACC,9.0,0.0,0.0,0.0,0.0,0.0,0.0,0.0,0.0,43.0,798.0,7.0,1.2,-0.8185921984233686,10,5,45
Zack Kuntz,2023,TE,24.0,NYJ,7,220,Old Dominion,Sun Belt,5.0,0.0,0.0,0.0,0.0,0.0,0.0,0.0,0.0,12.0,144.0,2.0,0.0,-1.5124981679478133,13,7,111
DeWayne McBride,2023,RB,22.0,MIN,7,222,UAB,CUSA,11.0,0.0,0.0,0.0,0.0,0.0,233.0,1713.0,19.0,2.0,10.0,0.0,0.0,-0.12468622889892216,15,10,73
Lew Nichols,2023,RB,22.0,GNB,7,235,Central Michigan,MAC,9.0,0.0,0.0,0.0,0.0,0.0,176.0,616.0,6.0,21.0,128.0,0.0,0.0,-0.3559882187404049,20,11,117
Kenny McIntosh,2023,RB,23.0,SEA,7,237,Georgia,SEC,15.0,0.0,0.0,0.0,0.0,0.0,150.0,829.0,10.0,43.0,505.0,2.0,0.0,-1.0498941882648496,12,1,1
Max Duggan,2023,QB,22.0,LAC,7,239,TCU,Big 12,15.0,267.0,419.0,3698.0,32.0,8.0,137.0,423.0,9.0,1.0,1.0,0.0,0.0,-1.743800157789296,9,2,7
Jalen Brooks,2023,WR,23.0,DAL,7,244,South Carolina,SEC,12.0,0.0,0.0,0.0,0.0,0.0,4.0,51.0,1.0,33.0,504.0,1.0,12.4,2.4196356593573776,7,1,31
Brayden Willis,2023,TE,23.0,SFO,7,247,Oklahoma,Big 12,13.0,1.0,1.0,24.0,1.0,0.0,10.0,26.0,0.0,39.0,514.0,7.0,0.0,0.10661576094255885,4,2,26
Ronnie Bell,2023,WR,23.0,SFO,7,253,Michigan,Big Ten,14.0,0.0,1.0,0.0,0.0,0.0,3.0,23.0,1.0,62.0,889.0,4.0,30.8,1.49442769999145,4,3,2
Grant Dubose,2023,WR,22.0,GNB,7,256,Charlotte,CUSA,12.0,0.0,1.0,0.0,0.0,0.0,0.0,0.0,0.0,64.0,792.0,9.0,0.0,1.0318237203084863,20,10,129
Caleb Williams,2024,QB,22.0,CHI,1,1,USC,Pac-12,12.0,266.0,388.0,3633.0,30.0,5.0,97.0,142.0,11.0,1.0,15.0,0.0,254.5,0.00258837190745488,17,2,22
Jayden Daniels,2024,QB,23.0,WAS,1,2,LSU,SEC,12.0,236.0,327.0,3812.0,40.0,4.0,135.0,1134.0,10.0,0.0,0.0,0.0,355.8,1.99045799683269,28,1,14
Drake Maye,2024,QB,22.0,NWE,1,3,North Carolina,ACC,12.0,269.0,425.0,3608.0,24.0,9.0,112.0,449.0,9.0,0.0,0.0,0.0,177.1,0.00258837190745488,30,5,41
Marvin Harrison Jr.,2024,WR,22.0,ARI,1,4,Ohio State,Big Ten,12.0,0.0,0.0,0.0,0.0,0.0,2.0,26.0,1.0,67.0,1211.0,14.0,196.5,-0.6600348364009568,29,3,3
Malik Nabers,2024,WR,21.0,NYG,1,6,LSU,SEC,13.0,0.0,0.0,0.0,0.0,0.0,1.0,1.0,0.0,89.0,1569.0,14.0,273.6,-0.3287232322467522,26,1,14
Michael Penix,2024,QB,24.0,ATL,1,8,Washington,Pac-12,15.0,363.0,555.0,4903.0,36.0,11.0,35.0,8.0,3.0,0.0,0.0,0.0,44.1,-0.6600348364009568,19,2,8
Rome Odunze,2024,WR,22.0,CHI,1,9,Washington,Pac-12,15.0,0.0,0.0,0.0,0.0,0.0,2.0,37.0,1.0,92.0,1640.0,13.0,144.9,0.3338999760616595,17,2,8
J.J. McCarthy,2024,QB,21.0,MIN,1,10,Michigan,Big Ten,15.0,240.0,332.0,2991.0,22.0,4.0,64.0,202.0,3.0,0.0,0.0,0.0,0.0,0.9965231843700711,23,3,1
Bo Nix,2024,QB,24.0,DEN,1,12,Oregon,Pac-12,14.0,364.0,470.0,4508.0,45.0,3.0,54.0,234.0,6.0,0.0,0.0,0.0,317.2,1.6591463926784829,31,2,5
Brock Bowers,2024,TE,21.0,LVR,1,13,Georgia,SEC,10.0,0.0,0.0,0.0,0.0,0.0,6.0,28.0,1.0,56.0,714.0,6.0,262.7,0.9965231843700711,27,1,4
Brian Thomas,2024,WR,21.0,JAX,1,23,LSU,SEC,13.0,0.0,0.0,0.0,0.0,0.0,1.0,-6.0,0.0,68.0,1177.0,17.0,284.0,-0.991346440555164,14,1,14
Xavier Worthy,2024,WR,21.0,KAN,1,28,Texas,Big 12,14.0,1.0,2.0,35.0,0.0,0.0,4.0,35.0,0.0,75.0,1014.0,5.0,187.2,-1.6539696488635756,1,4,2
Ricky Pearsall,2024,WR,23.0,SFO,1,31,Florida,SEC,12.0,0.0,0.0,0.0,0.0,0.0,3.0,62.0,2.0,65.0,965.0,4.0,93.5,-0.3287232322467522,3,1,52
Xavier Legette,2024,WR,23.0,CAR,1,32,South Carolina,SEC,12.0,0.0,0.0,0.0,0.0,0.0,9.0,-9.0,0.0,71.0,1255.0,7.0,125.1,1.3278347885242783,32,1,58
Keon Coleman,2024,WR,21.0,BUF,2,33,Florida State,ACC,12.0,0.0,0.0,0.0,0.0,0.0,1.0,2.0,0.0,50.0,658.0,11.0,111.5,-1.6539696488635756,7,5,10
Ladd McConkey,2024,WR,22.0,LAC,2,34,Georgia,SEC,9.0,0.0,0.0,0.0,0.0,0.0,2.0,38.0,1.0,30.0,478.0,2.0,240.9,0.6652115802158666,20,1,4
Ja'Lynn Polk,2024,WR,22.0,NWE,2,37,Washington,Pac-12,15.0,0.0,0.0,0.0,0.0,0.0,4.0,32.0,1.0,69.0,1159.0,9.0,32.7,-0.3287232322467522,30,2,8
Jonathon Brooks,2024,RB,21.0,CAR,2,46,Texas,Big 12,11.0,0.0,0.0,0.0,0.0,0.0,187.0,1139.0,10.0,25.0,286.0,1.0,7.5,0.6652115802158666,32,4,2
Adonai Mitchell,2024,WR,21.0,IND,2,52,Texas,Big 12,14.0,0.0,0.0,0.0,0.0,0.0,2.0,1.0,0.0,55.0,845.0,11.0,53.8,-1.9852812530177801,18,4,2
Ben Sinnott,2024,TE,22.0,WAS,2,53,Kansas State,Big 12,12.0,0.0,0.0,0.0,0.0,0.0,0.0,0.0,0.0,49.0,676.0,6.0,13.8,-0.6600348364009568,28,4,13
Malachi Corley,2024,WR,22.0,NYJ,3,65,Western Kentucky,CUSA,12.0,0.0,0.0,0.0,0.0,0.0,4.0,11.0,0.0,79.0,984.0,11.0,5.2,-0.6600348364009568,15,10,70
Trey Benson,2024,RB,22.0,ARI,3,66,Florida State,ACC,13.0,0.0,0.0,0.0,0.0,0.0,156.0,906.0,14.0,20.0,227.0,1.0,47.0,0.6652115802158666,29,5,10
Jermaine Burton,2024,WR,23.0,CIN,3,80,Alabama,SEC,13.0,0.0,0.0,0.0,0.0,0.0,0.0,0.0,0.0,39.0,798.0,8.0,14.7,2.6530812051411017,9,1,7
Tip Reiman,2024,TE,22.0,ARI,3,82,Illinois,Big Ten,12.0,0.0,0.0,0.0,0.0,0.0,0.0,0.0,0.0,19.0,203.0,3.0,9.7,0.6652115802158666,29,3,74
Blake Corum,2024,RB,23.0,LAR,3,83,Michigan,Big Ten,15.0,0.0,0.0,0.0,0.0,0.0,258.0,1245.0,27.0,16.0,117.0,1.0,33.5,0.00258837190745488,13,3,1
Roman Wilson,2024,WR,23.0,PIT,3,84,Michigan,Big Ten,15.0,0.0,0.0,0.0,0.0,0.0,1.0,10.0,0.0,48.0,789.0,12.0,0.0,-1.9852812530177801,16,3,1
MarShawn Lloyd,2024,RB,23.0,GNB,3,88,USC,Pac-12,11.0,0.0,0.0,0.0,0.0,0.0,116.0,820.0,9.0,13.0,232.0,0.0,2.8,0.00258837190745488,10,2,22
Jalen McMillan,2024,WR,22.0,TAM,3,92,Washington,Pac-12,11.0,1.0,2.0,9.0,0.0,0.0,3.0,30.0,1.0,45.0,559.0,5.0,135.4,0.00258837190745488,21,2,8
Luke McCaffrey,2024,WR,23.0,WAS,3,100,Rice,American,13.0,0.0,2.0,0.0,0.0,0.0,15.0,117.0,0.0,71.0,992.0,13.0,34.8,1.6591463926784829,28,9,93
Ja'Tavion Sanders,2024,TE,21.0,CAR,4,101,Texas,Big 12,14.0,0.0,0.0,0.0,0.0,0.0,1.0,12.0,0.0,45.0,682.0,2.0,73.2,-0.991346440555164,32,4,2
Troy Franklin,2024,WR,21.0,DEN,4,102,Oregon,Pac-12,13.0,0.0,0.0,0.0,0.0,0.0,0.0,0.0,0.0,81.0,1383.0,14.0,67.1,0.9965231843700711,31,2,5
Theo Johnson,2024,TE,23.0,NYG,4,107,Penn State,Big Ten,13.0,0.0,0.0,0.0,0.0,0.0,0.0,0.0,0.0,34.0,341.0,7.0,68.1,-0.991346440555164,26,3,6
Javon Baker,2024,WR,22.0,NWE,4,110,UCF,Big 12,13.0,0.0,0.0,0.0,0.0,0.0,0.0,0.0,0.0,52.0,1139.0,7.0,2.2,-0.3287232322467522,30,4,57
Devontez Walker,2024,WR,23.0,BAL,4,113,North Carolina,ACC,8.0,0.0,0.0,0.0,0.0,0.0,3.0,23.0,0.0,41.0,699.0,7.0,9.1,-0.3287232322467522,2,5,41
Erick All,2024,TE,23.0,CIN,4,115,Iowa,Big Ten,7.0,0.0,0.0,0.0,0.0,0.0,0.0,0.0,0.0,21.0,299.0,3.0,35.8,0.00258837190745488,9,3,40
Jaylen Wright,2024,RB,21.0,MIA,4,120,Tennessee,SEC,12.0,0.0,0.0,0.0,0.0,0.0,137.0,1013.0,4.0,22.0,141.0,0.0,26.7,-0.3287232322467522,8,1,17
AJ Barner,2024,TE,22.0,SEA,4,121,Michigan,Big Ten,15.0,0.0,0.0,0.0,0.0,0.0,0.0,0.0,0.0,22.0,249.0,1.0,78.5,-0.991346440555164,22,3,1
Cade Stover,2024,TE,24.0,HOU,4,123,Ohio State,Big Ten,12.0,0.0,0.0,0.0,0.0,0.0,0.0,0.0,0.0,41.0,576.0,5.0,34.3,0.9965231843700711,6,3,3
Bucky Irving,2024,RB,22.0,TAM,4,125,Oregon,Pac-12,14.0,0.0,1.0,0.0,0.0,0.0,186.0,1180.0,11.0,56.0,413.0,2.0,244.4,0.00258837190745488,21,2,5
Will Shipley,2024,RB,22.0,PHI,4,127,Clemson,ACC,12.0,0.0,0.0,0.0,0.0,0.0,167.0,827.0,5.0,31.0,244.0,2.0,15.7,0.9965231843700711,5,5,20
Isaac Guerendo,2024,RB,24.0,SFO,4,129,Louisville,ACC,14.0,0.0,0.0,0.0,0.0,0.0,132.0,810.0,11.0,22.0,234.0,0.0,94.2,-1.6539696488635756,3,5,18
Jared Wiley,2024,TE,23.0,KAN,4,131,TCU,Big 12,12.0,0.0,0.0,0.0,0.0,0.0,0.0,0.0,0.0,47.0,520.0,8.0,1.7,1.3278347885242783,1,4,37
Braelon Allen,2024,RB,20.0,NYJ,4,134,Wisconsin,Big Ten,11.0,0.0,0.0,0.0,0.0,0.0,181.0,984.0,12.0,28.0,132.0,0.0,85.2,0.00258837190745488,15,3,43
Jacob Cowing,2024,WR,23.0,SFO,4,135,Arizona,Pac-12,13.0,1.0,1.0,-2.0,0.0,0.0,5.0,26.0,0.0,90.0,848.0,13.0,10.7,-0.3287232322467522,3,2,15
Anthony Gould,2024,WR,23.0,IND,5,142,Oregon State,Pac-12,11.0,0.0,0.0,0.0,0.0,0.0,4.0,22.0,0.0,44.0,718.0,2.0,3.3,-1.9852812530177801,18,2,23
Audric Estime,2024,RB,21.0,DEN,5,147,Notre Dame,Ind,12.0,0.0,0.0,0.0,0.0,0.0,210.0,1341.0,18.0,17.0,142.0,0.0,48.7,-2.316592857171987,31,7,9
Spencer Rattler,2024,QB,23.0,NOR,5,150,South Carolina,SEC,12.0,275.0,399.0,3186.0,19.0,8.0,97.0,104.0,4.0,0.0,0.0,0.0,67.3,0.6652115802158666,25,1,58
Ainias Smith,2024,WR,23.0,PHI,5,152,Texas A&M,SEC,12.0,0.0,0.0,0.0,0.0,0.0,5.0,21.0,0.0,53.0,795.0,2.0,17.7,1.3278347885242783,5,1,27
Jamari Thrash,2024,WR,23.0,CLE,5,156,Louisville,ACC,12.0,0.0,0.0,0.0,0.0,0.0,1.0,12.0,1.0,63.0,858.0,6.0,5.2,0.00258837190745488,12,5,18
Rasheen Ali,2024,RB,23.0,BAL,5,165,Marshall,Sun Belt,12.0,0.0,0.0,0.0,0.0,0.0,212.0,1135.0,15.0,28.0,213.0,1.0,3.1,0.3338999760616595,2,6,102
Tyrone Tracy Jr.,2024,RB,24.0,NYG,5,166,Purdue,Big Ten,11.0,0.0,0.0,0.0,0.0,0.0,113.0,716.0,8.0,19.0,132.0,0.0,182.3,0.6652115802158666,26,3,73
Keilan Robinson,2024,RB,24.0,JAX,5,167,Texas,Big 12,13.0,0.0,0.0,0.0,0.0,0.0,12.0,134.0,3.0,8.0,56.0,0.0,0.0,0.00258837190745488,14,4,2
Bub Means,2024,WR,23.0,NOR,5,170,Pittsburgh,ACC,12.0,0.0,0.0,0.0,0.0,0.0,0.0,0.0,0.0,41.0,721.0,6.0,26.8,0.9965231843700711,25,5,89
Jordan Travis,2024,QB,24.0,NYJ,5,171,Florida State,ACC,11.0,207.0,324.0,2756.0,20.0,2.0,73.0,176.0,7.0,0.0,0.0,0.0,0.0,-1.6539696488635756,15,5,10
Kimani Vidal,2024,RB,23.0,LAC,6,181,Troy,Sun Belt,14.0,0.0,0.0,0.0,0.0,0.0,297.0,1661.0,14.0,18.0,201.0,1.0,32.7,0.9965231843700711,20,6,19
Jha'Quan Jackson,2024,WR,24.0,TEN,6,182,Tulane,American,10.0,0.0,0.0,0.0,0.0,0.0,5.0,51.0,0.0,26.0,439.0,4.0,-2.7,0.6652115802158666,24,9,49
Malik Washington,2024,WR,23.0,MIA,6,184,Virginia,ACC,12.0,0.0,1.0,0.0,0.0,0.0,3.0,7.0,0.0,110.0,1426.0,9.0,54.8,-1.3226580447093685,8,5,91
Johnny Wilson,2024,WR,23.0,PHI,6,185,Florida State,ACC,10.0,0.0,0.0,0.0,0.0,0.0,0.0,0.0,0.0,41.0,617.0,2.0,14.8,1.3278347885242783,5,5,10
Jase McClellan,2024,RB,22.0,ATL,6,186,Alabama,SEC,13.0,0.0,0.0,0.0,0.0,0.0,180.0,890.0,8.0,15.0,137.0,0.0,3.2,-0.991346440555164,19,1,7
Casey Washington,2024,WR,23.0,ATL,6,187,Illinois,Big Ten,12.0,0.0,0.0,0.0,0.0,0.0,0.0,0.0,0.0,49.0,670.0,4.0,2.4,0.00258837190745488,19,3,74
Tejhaun Palmer,2024,WR,24.0,ARI,6,191,UAB,American,12.0,0.0,0.0,0.0,0.0,0.0,0.0,0.0,0.0,47.0,858.0,7.0,0.0,-0.6600348364009568,29,9,114
Joe Milton,2024,QB,24.0,NWE,6,193,Tennessee,SEC,12.0,229.0,354.0,2813.0,20.0,5.0,78.0,299.0,7.0,1.0,6.0,0.0,19.2,0.00258837190745488,30,1,17
Tanner McLachlan,2024,TE,25.0,CIN,6,194,Arizona,Pac-12,13.0,0.0,0.0,0.0,0.0,0.0,0.0,0.0,0.0,45.0,528.0,4.0,0.0,0.00258837190745488,9,2,15
Jawhar Jordan,2024,RB,25.0,HOU,6,205,Louisville,ACC,13.0,0.0,0.0,0.0,0.0,0.0,181.0,1128.0,13.0,21.0,246.0,1.0,0.0,0.6652115802158666,6,5,18
Jordan Whittington,2024,WR,23.0,LAR,6,213,Texas,Big 12,14.0,0.0,0.0,0.0,0.0,0.0,3.0,18.0,0.0,42.0,505.0,1.0,52.5,0.00258837190745488,13,4,2
Devin Leary,2024,QB,24.0,BAL,6,218,Kentucky,SEC,13.0,209.0,371.0,2746.0,25.0,12.0,42.0,-60.0,1.0,1.0,-4.0,0.0,0.0,0.00258837190745488,2,1,44
Brenden Rice,2024,WR,22.0,LAC,7,225,USC,Pac-12,12.0,0.0,0.0,0.0,0.0,0.0,0.0,0.0,0.0,45.0,791.0,12.0,0.0,0.6652115802158666,20,2,22
Jaheim Bell,2024,TE,23.0,NWE,7,231,Florida State,ACC,13.0,0.0,0.0,0.0,0.0,0.0,4.0,2.0,1.0,39.0,503.0,2.0,4.0,0.00258837190745488,30,5,10
Devaughn Vele,2024,WR,26.0,DEN,7,235,Utah,Pac-12,10.0,1.0,3.0,6.0,0.0,0.0,0.0,0.0,0.0,43.0,593.0,3.0,106.5,0.9965231843700711,31,2,34
Tahj Washington,2024,WR,23.0,MIA,7,241,USC,Pac-12,13.0,0.0,0.0,0.0,0.0,0.0,1.0,10.0,0.0,59.0,1062.0,8.0,0.0,-1.3226580447093685,8,2,22
Michael Pratt,2024,QB,22.0,GNB,7,245,Tulane,American,11.0,185.0,283.0,2406.0,22.0,5.0,98.0,286.0,5.0,0.0,0.0,0.0,0.0,0.00258837190745488,10,9,49
Devin Culp,2024,TE,24.0,TAM,7,246,Washington,Pac-12,15.0,0.0,0.0,0.0,0.0,0.0,0.0,0.0,0.0,16.0,208.0,2.0,13.8,0.6652115802158666,21,2,8
Cornelius Johnson,2024,WR,23.0,LAC,7,253,Michigan,Big Ten,15.0,0.0,0.0,0.0,0.0,0.0,3.0,40.0,0.0,47.0,604.0,1.0,0.0,0.6652115802158666,20,3,1
