Name,Year,Team,Position,Age,Games,Passing_Cmp,Passing_Att,Passing_Yds,Passing_TD,Passing_Int,Rushing_Att,Rushing_Yds,Rushing_TD,Receiving_Tgt,Receiving_Rec,Receiving_Yds,Receiving_TD,Fumbles_Lost,2PM,2PP,Fantasy_PPR,Fantasy_PPR_NextYear
Christian McCaffrey,2019,CAR,RB,23,16,0.0,2.0,0.0,0.0,0.0,287.0,1387.0,15.0,142.0,116.0,1005.0,4.0,0.0,1.0,0.0,471.2,90.4
Derrick Henry,2019,TEN,RB,25,15,0.0,0.0,0.0,0.0,0.0,303.0,1540.0,16.0,24.0,18.0,206.0,2.0,3.0,0.0,0.0,294.6,333.1
Aaron Jones,2019,GNB,RB,25,16,0.0,0.0,0.0,0.0,0.0,236.0,1084.0,16.0,68.0,49.0,474.0,3.0,2.0,0.0,0.0,314.8,258.9
Ezekiel Elliott,2019,DAL,RB,24,16,0.0,0.0,0.0,0.0,0.0,301.0,1357.0,12.0,71.0,54.0,420.0,2.0,2.0,0.0,0.0,311.7,223.7
Dalvin Cook,2019,MIN,RB,24,14,0.0,0.0,0.0,0.0,0.0,250.0,1135.0,13.0,63.0,53.0,519.0,0.0,2.0,0.0,0.0,292.4,337.8
Nick Chubb,2019,CLE,RB,24,16,0.0,0.0,0.0,0.0,0.0,298.0,1494.0,8.0,49.0,36.0,278.0,0.0,3.0,0.0,0.0,255.2,207.7
Mark Ingram,2019,BAL,RB,30,15,0.0,0.0,0.0,0.0,0.0,202.0,1018.0,10.0,29.0,26.0,247.0,5.0,2.0,2.0,0.0,242.5,52.9
Austin Ekeler,2019,LAC,RB,24,16,0.0,0.0,0.0,0.0,0.0,132.0,557.0,3.0,108.0,92.0,993.0,8.0,2.0,0.0,0.0,309.0,165.3
Chris Carson,2019,SEA,RB,25,15,0.0,0.0,0.0,0.0,0.0,278.0,1230.0,7.0,47.0,37.0,266.0,2.0,4.0,0.0,0.0,232.6,187.8
Saquon Barkley,2019,NYG,RB,22,13,0.0,0.0,0.0,0.0,0.0,217.0,1003.0,6.0,73.0,52.0,438.0,2.0,0.0,0.0,0.0,244.1,15.4
Joe Mixon,2019,CIN,RB,23,16,0.0,0.0,0.0,0.0,0.0,278.0,1137.0,5.0,45.0,35.0,287.0,3.0,0.0,0.0,0.0,225.4,99.6
Todd Gurley,2019,LAR,RB,25,15,0.0,0.0,0.0,0.0,0.0,223.0,857.0,12.0,49.0,31.0,207.0,2.0,2.0,1.0,0.0,219.4,163.2
Leonard Fournette,2019,JAX,RB,24,15,0.0,0.0,0.0,0.0,0.0,265.0,1152.0,3.0,100.0,76.0,522.0,0.0,1.0,0.0,0.0,259.4,132.0
Josh Jacobs,2019,OAK,RB,21,13,0.0,0.0,0.0,0.0,0.0,242.0,1150.0,7.0,27.0,20.0,166.0,0.0,1.0,0.0,0.0,191.6,231.3
Miles Sanders,2019,PHI,RB,22,16,0.0,0.0,0.0,0.0,0.0,179.0,818.0,3.0,63.0,50.0,509.0,3.0,1.0,1.0,0.0,218.7,170.4
Alvin Kamara,2019,NOR,RB,24,14,1.0,1.0,13.0,0.0,0.0,171.0,797.0,5.0,97.0,81.0,533.0,1.0,1.0,0.0,0.0,248.5,377.8
Marlon Mack,2019,IND,RB,23,14,0.0,0.0,0.0,0.0,0.0,247.0,1091.0,8.0,17.0,14.0,82.0,0.0,0.0,1.0,0.0,181.3,8.6
Kenyan Drake,2019,2TM,RB,25,14,0.0,0.0,0.0,0.0,0.0,170.0,817.0,8.0,68.0,50.0,345.0,0.0,1.0,1.0,0.0,214.2,192.2
Phillip Lindsay,2019,DEN,RB,25,16,0.0,0.0,0.0,0.0,0.0,224.0,1011.0,7.0,48.0,35.0,196.0,0.0,0.0,0.0,0.0,197.7,66.0
Raheem Mostert,2019,SFO,RB,27,16,0.0,0.0,0.0,0.0,0.0,137.0,772.0,8.0,22.0,14.0,180.0,2.0,2.0,0.0,0.0,165.2,99.7
Le'Veon Bell,2019,NYJ,RB,27,15,0.0,0.0,0.0,0.0,0.0,245.0,789.0,3.0,78.0,66.0,461.0,1.0,1.0,1.0,0.0,215.0,74.6
David Montgomery,2019,CHI,RB,22,16,0.0,0.0,0.0,0.0,0.0,242.0,889.0,6.0,35.0,25.0,185.0,1.0,2.0,0.0,0.0,170.4,264.8
Carlos Hyde,2019,HOU,RB,29,16,0.0,0.0,0.0,0.0,0.0,245.0,1070.0,6.0,16.0,10.0,42.0,0.0,2.0,0.0,0.0,153.2,84.9
Sony Michel,2019,NWE,RB,24,16,0.0,0.0,0.0,0.0,0.0,247.0,912.0,7.0,20.0,12.0,94.0,0.0,1.0,0.0,0.0,152.6,75.3
Devonta Freeman,2019,ATL,RB,27,14,0.0,0.0,0.0,0.0,0.0,184.0,656.0,2.0,70.0,59.0,410.0,4.0,2.0,0.0,0.0,197.6,36.0
Melvin Gordon,2019,LAC,RB,26,12,0.0,0.0,0.0,0.0,0.0,162.0,612.0,8.0,55.0,42.0,296.0,1.0,3.0,0.0,0.0,180.8,198.4
Ronald Jones II,2019,TAM,RB,22,16,0.0,0.0,0.0,0.0,0.0,172.0,724.0,6.0,40.0,31.0,309.0,0.0,2.0,0.0,0.0,166.3,186.3
Adrian Peterson,2019,WAS,RB,34,15,0.0,0.0,0.0,0.0,0.0,211.0,898.0,5.0,23.0,17.0,142.0,0.0,2.0,0.0,0.0,147.0,124.5
James White,2019,NWE,RB,27,15,1.0,1.0,35.0,0.0,0.0,67.0,263.0,1.0,95.0,72.0,645.0,5.0,1.0,1.0,0.0,200.2,116.6
Latavius Murray,2019,NOR,RB,29,16,0.0,0.0,0.0,0.0,0.0,146.0,637.0,5.0,43.0,34.0,235.0,1.0,0.0,0.0,0.0,157.2,136.2
Devin Singletary,2019,BUF,RB,22,12,0.0,0.0,0.0,0.0,0.0,151.0,775.0,2.0,41.0,29.0,194.0,2.0,1.0,0.0,0.0,147.9,143.6
Tevin Coleman,2019,SFO,RB,26,14,0.0,0.0,0.0,0.0,0.0,137.0,544.0,6.0,30.0,21.0,180.0,1.0,0.0,0.0,0.0,135.4,12.7
James Conner,2019,PIT,RB,24,10,0.0,0.0,0.0,0.0,0.0,116.0,464.0,4.0,38.0,34.0,251.0,3.0,1.0,0.0,0.0,145.5,164.6
Damien Williams,2019,KAN,RB,27,11,0.0,0.0,0.0,0.0,0.0,111.0,498.0,5.0,37.0,30.0,213.0,2.0,1.0,0.0,0.0,141.1,60.7
Duke Johnson,2019,HOU,RB,26,16,0.0,0.0,0.0,0.0,0.0,83.0,410.0,2.0,62.0,44.0,410.0,3.0,1.0,0.0,0.0,154.0,84.4
Jamaal Williams,2019,GNB,RB,24,14,0.0,0.0,0.0,0.0,0.0,107.0,460.0,1.0,45.0,39.0,253.0,5.0,0.0,0.0,0.0,146.3,127.1
David Johnson,2019,ARI,RB,28,13,0.0,0.0,0.0,0.0,0.0,94.0,345.0,2.0,47.0,36.0,370.0,4.0,1.0,0.0,0.0,141.5,179.5
Peyton Barber,2019,TAM,RB,25,16,0.0,0.0,0.0,0.0,0.0,154.0,470.0,6.0,24.0,16.0,115.0,1.0,1.0,1.0,0.0,116.5,55.0
Jordan Howard,2019,PHI,RB,25,10,0.0,0.0,0.0,0.0,0.0,119.0,525.0,6.0,14.0,10.0,69.0,1.0,0.0,0.0,0.0,111.4,30.7
Royce Freeman,2019,DEN,RB,23,16,0.0,0.0,0.0,0.0,0.0,132.0,496.0,3.0,50.0,43.0,256.0,1.0,0.0,0.0,0.0,142.2,37.1
LeSean McCoy,2019,KAN,RB,31,13,0.0,0.0,0.0,0.0,0.0,101.0,465.0,4.0,34.0,28.0,181.0,1.0,2.0,0.0,0.0,118.6,28.2
Gus Edwards,2019,BAL,RB,24,16,0.0,0.0,0.0,0.0,0.0,133.0,711.0,2.0,7.0,7.0,45.0,0.0,1.0,0.0,0.0,92.6,128.2
DeAndre Washington,2019,OAK,RB,26,16,0.0,0.0,0.0,0.0,0.0,108.0,387.0,3.0,41.0,36.0,292.0,0.0,0.0,0.0,0.0,121.9,17.1
Tarik Cohen,2019,CHI,RB,24,16,0.0,0.0,0.0,0.0,0.0,64.0,213.0,0.0,104.0,79.0,456.0,3.0,0.0,0.0,0.0,163.9,17.5
Matt Breida,2019,SFO,RB,24,13,0.0,0.0,0.0,0.0,0.0,123.0,623.0,1.0,22.0,19.0,120.0,1.0,1.0,0.0,0.0,103.3,42.0
Frank Gore,2019,BUF,RB,36,16,0.0,0.0,0.0,0.0,0.0,166.0,599.0,2.0,16.0,13.0,100.0,0.0,0.0,0.0,0.0,94.9,100.2
Kerryon Johnson,2019,DET,RB,22,8,0.0,0.0,0.0,0.0,0.0,113.0,403.0,3.0,15.0,10.0,127.0,1.0,1.0,0.0,0.0,85.0,71.8
Rex Burkhead,2019,NWE,RB,29,13,0.0,0.0,0.0,0.0,0.0,65.0,302.0,3.0,38.0,27.0,279.0,0.0,1.0,0.0,0.0,101.1,107.6
Nyheim Hines,2019,IND,RB,23,16,0.0,0.0,0.0,0.0,0.0,52.0,199.0,2.0,58.0,44.0,320.0,0.0,1.0,0.0,0.0,117.9,193.2
Tony Pollard,2019,DAL,RB,22,15,0.0,0.0,0.0,0.0,0.0,86.0,455.0,2.0,20.0,15.0,107.0,1.0,1.0,1.0,0.0,89.2,120.8
Boston Scott,2019,PHI,RB,24,11,0.0,0.0,0.0,0.0,0.0,61.0,245.0,5.0,26.0,24.0,204.0,0.0,1.0,0.0,0.0,96.9,95.6
Chase Edmonds,2019,ARI,RB,23,13,0.0,0.0,0.0,0.0,0.0,60.0,303.0,4.0,21.0,12.0,105.0,1.0,0.0,0.0,0.0,82.8,168.0
Rashaad Penny,2019,SEA,RB,23,10,0.0,0.0,0.0,0.0,0.0,65.0,370.0,3.0,11.0,8.0,83.0,1.0,1.0,0.0,0.0,75.3,3.4
Kareem Hunt,2019,CLE,RB,24,8,0.0,0.0,0.0,0.0,0.0,43.0,179.0,2.0,44.0,37.0,285.0,1.0,0.0,0.0,0.0,101.4,218.5
Alexander Mattison,2019,MIN,RB,21,13,0.0,0.0,0.0,0.0,0.0,100.0,462.0,1.0,12.0,10.0,82.0,0.0,1.0,0.0,0.0,68.4,86.9
Malcolm Brown,2019,LAR,RB,26,14,0.0,0.0,0.0,0.0,0.0,69.0,255.0,5.0,6.0,2.0,16.0,0.0,0.0,0.0,0.0,59.1,109.1
Brian Hill,2019,ATL,RB,24,12,0.0,0.0,0.0,0.0,0.0,78.0,323.0,2.0,14.0,10.0,69.0,1.0,0.0,0.0,0.0,67.2,95.4
Jaylen Samuels,2019,PIT,RB,23,14,4.0,5.0,35.0,0.0,1.0,66.0,175.0,1.0,57.0,47.0,305.0,1.0,1.0,0.0,0.0,104.4,16.4
Benny Snell Jr.,2019,PIT,RB,21,13,0.0,0.0,0.0,0.0,0.0,108.0,426.0,2.0,4.0,3.0,23.0,0.0,1.0,0.0,0.0,57.9,74.9
Darrel Williams,2019,KAN,RB,24,12,0.0,0.0,0.0,0.0,0.0,41.0,141.0,3.0,19.0,15.0,167.0,1.0,1.0,0.0,0.0,67.8,54.5
Chris Thompson,2019,WAS,RB,29,11,0.0,0.0,0.0,0.0,0.0,37.0,138.0,0.0,58.0,42.0,378.0,0.0,0.0,0.0,0.0,93.6,42.6
Mike Boone,2019,MIN,RB,24,16,0.0,0.0,0.0,0.0,0.0,49.0,273.0,3.0,4.0,3.0,17.0,0.0,0.0,0.0,0.0,50.0,14.9
Jalen Richard,2019,OAK,RB,26,16,0.0,0.0,0.0,0.0,0.0,39.0,145.0,0.0,43.0,36.0,323.0,0.0,0.0,0.0,0.0,82.8,51.1
Jordan Wilkins,2019,IND,RB,25,14,0.0,0.0,0.0,0.0,0.0,51.0,307.0,2.0,11.0,7.0,43.0,0.0,0.0,0.0,0.0,54.0,61.3
Patrick Laird,2019,MIA,RB,24,15,0.0,0.0,0.0,0.0,0.0,62.0,168.0,1.0,30.0,23.0,204.0,0.0,0.0,1.0,0.0,68.2,22.0
Jeff Wilson,2019,SFO,RB,24,10,0.0,0.0,0.0,0.0,0.0,27.0,105.0,4.0,5.0,3.0,34.0,1.0,0.0,0.0,0.0,46.9,142.3
Brandon Bolden,2019,NWE,RB,29,15,0.0,0.0,0.0,0.0,0.0,15.0,68.0,3.0,11.0,9.0,111.0,1.0,0.0,0.0,0.0,50.9,124.1
Justice Hill,2019,BAL,RB,22,16,0.0,0.0,0.0,0.0,0.0,58.0,225.0,2.0,15.0,8.0,70.0,0.0,0.0,0.0,0.0,49.5,13.0
Bo Scarbrough,2019,DET,RB,25,6,0.0,0.0,0.0,0.0,0.0,89.0,377.0,1.0,4.0,1.0,5.0,0.0,1.0,0.0,0.0,43.2,3.1
Dion Lewis,2019,TEN,RB,29,16,0.0,0.0,0.0,0.0,0.0,54.0,209.0,0.0,32.0,25.0,164.0,1.0,1.0,0.0,0.0,66.3,57.2
Dare Ogunbowale,2019,TAM,RB,25,16,0.0,0.0,0.0,0.0,0.0,11.0,17.0,2.0,46.0,35.0,286.0,0.0,1.0,0.0,0.0,75.3,29.9
Kalen Ballage,2019,MIA,RB,24,12,0.0,0.0,0.0,0.0,0.0,74.0,135.0,3.0,24.0,14.0,63.0,0.0,0.0,0.0,0.0,51.8,93.9
Giovani Bernard,2019,CIN,RB,28,16,0.0,0.0,0.0,0.0,0.0,53.0,170.0,0.0,43.0,30.0,234.0,0.0,1.0,0.0,0.0,68.4,158.1
Ryquell Armstead,2019,JAX,RB,23,16,0.0,0.0,0.0,0.0,0.0,35.0,108.0,0.0,24.0,14.0,144.0,2.0,0.0,0.0,0.0,51.2,12.6
Wayne Gallman,2019,NYG,RB,25,10,0.0,0.0,0.0,0.0,0.0,29.0,110.0,2.0,15.0,11.0,102.0,1.0,1.0,0.0,0.0,48.2,136.6
Ty Johnson,2019,DET,RB,22,16,0.0,0.0,0.0,0.0,0.0,63.0,273.0,0.0,31.0,24.0,109.0,0.0,1.0,0.0,0.0,60.2,63.3
Jonathan Williams,2019,IND,RB,25,9,0.0,0.0,0.0,0.0,0.0,49.0,235.0,1.0,5.0,5.0,59.0,0.0,0.0,0.0,0.0,40.4,4.6
Kyle Juszczyk,2019,SFO,FB,28,12,0.0,0.0,0.0,0.0,0.0,3.0,7.0,0.0,24.0,20.0,239.0,1.0,0.0,0.0,0.0,50.6,81.6
Qadree Ollison,2019,ATL,RB,23,8,0.0,0.0,0.0,0.0,0.0,22.0,50.0,4.0,2.0,1.0,7.0,0.0,0.0,0.0,0.0,30.7,0.3
Anthony Firkser,2019,TEN,FB,24,15,0.0,0.0,0.0,0.0,0.0,0.0,0.0,0.0,24.0,14.0,204.0,1.0,0.0,0.0,0.0,40.4,83.7
Dontrell Hilliard,2019,CLE,RB,24,14,0.0,0.0,0.0,0.0,0.0,13.0,49.0,2.0,15.0,12.0,92.0,0.0,0.0,0.0,0.0,38.1,6.0
Ito Smith,2019,ATL,RB,24,7,0.0,0.0,0.0,0.0,0.0,22.0,106.0,1.0,14.0,11.0,87.0,0.0,0.0,0.0,0.0,36.3,57.3
Ameer Abdullah,2019,MIN,RB,26,16,0.0,0.0,0.0,0.0,0.0,23.0,115.0,0.0,21.0,15.0,88.0,1.0,1.0,0.0,0.0,39.3,30.0
Myles Gaskin,2019,MIA,RB,22,7,0.0,0.0,0.0,0.0,0.0,36.0,133.0,1.0,12.0,7.0,51.0,0.0,0.0,0.0,0.0,31.4,164.2
Reggie Bonnafon,2019,CAR,RB,23,16,0.0,0.0,0.0,0.0,0.0,16.0,116.0,1.0,9.0,6.0,57.0,0.0,0.0,0.0,0.0,29.3,16.7
Darwin Thompson,2019,KAN,RB,22,12,0.0,0.0,0.0,0.0,0.0,37.0,128.0,1.0,10.0,9.0,43.0,0.0,0.0,0.0,0.0,32.1,33.2
Justin Jackson,2019,LAC,RB,23,7,0.0,0.0,0.0,0.0,0.0,29.0,200.0,0.0,11.0,9.0,22.0,0.0,0.0,0.0,0.0,31.2,65.3
C.J. Ham,2019,MIN,FB,26,16,0.0,0.0,0.0,0.0,0.0,7.0,17.0,0.0,26.0,17.0,149.0,1.0,1.0,0.0,0.0,37.6,25.5
C.J. Prosise,2019,SEA,RB,25,9,0.0,0.0,0.0,0.0,0.0,23.0,72.0,1.0,12.0,10.0,76.0,0.0,1.0,0.0,0.0,28.8,12.7
Darrell Henderson,2019,LAR,RB,22,13,0.0,0.0,0.0,0.0,0.0,39.0,147.0,0.0,6.0,4.0,37.0,0.0,0.0,0.0,0.0,22.4,130.3
Travis Homer,2019,SEA,RB,21,16,0.0,0.0,0.0,0.0,0.0,18.0,114.0,0.0,13.0,11.0,56.0,0.0,0.0,0.0,0.0,28.0,32.8
T.J. Yeldon,2019,BUF,RB,26,6,0.0,0.0,0.0,0.0,0.0,17.0,63.0,0.0,15.0,13.0,124.0,0.0,1.0,0.0,0.0,29.7,16.2
Wendell Smallwood,2019,WAS,RB,25,15,0.0,0.0,0.0,0.0,0.0,22.0,81.0,0.0,13.0,9.0,64.0,0.0,0.0,0.0,0.0,23.5,0.0
Trey Edmunds,2019,PIT,RB,25,11,0.0,0.0,0.0,0.0,0.0,22.0,92.0,0.0,7.0,6.0,48.0,0.0,0.0,0.0,0.0,20.0,0.0
Alec Ingold,2019,OAK,FB,23,16,0.0,0.0,0.0,0.0,0.0,10.0,17.0,0.0,6.0,6.0,44.0,1.0,0.0,0.0,0.0,18.1,29.4
Patrick Ricard,2019,BAL,FB,25,16,0.0,0.0,0.0,0.0,0.0,0.0,0.0,0.0,11.0,8.0,47.0,1.0,0.0,0.0,0.0,18.7,17.4
Andy Janovich,2019,DEN,RB,26,7,0.0,0.0,0.0,0.0,0.0,1.0,1.0,1.0,5.0,5.0,42.0,0.0,0.0,0.0,0.0,15.3,3.7
Derek Watt,2019,LAC,RB,27,16,0.0,0.0,0.0,0.0,0.0,7.0,10.0,1.0,5.0,3.0,32.0,0.0,0.0,0.0,0.0,13.2,0.0
Kenjon Barner,2019,ATL,RB,30,14,1.0,1.0,3.0,0.0,0.0,4.0,28.0,0.0,8.0,6.0,22.0,0.0,1.0,0.0,0.0,15.1,0.0
D'Ernest Johnson,2019,CLE,RB,23,16,0.0,0.0,0.0,0.0,0.0,4.0,21.0,0.0,7.0,6.0,71.0,0.0,0.0,0.0,0.0,15.2,21.0
Alex Armah,2019,CAR,FB,25,16,0.0,0.0,0.0,0.0,0.0,6.0,11.0,1.0,2.0,2.0,6.0,0.0,0.0,0.0,0.0,9.7,7.7
Nick Bellore,2019,SEA,FB,30,14,0.0,0.0,0.0,0.0,0.0,0.0,0.0,0.0,2.0,2.0,23.0,1.0,0.0,0.0,0.0,10.3,2.4
Devontae Booker,2019,DEN,RB,27,16,0.0,0.0,0.0,0.0,0.0,2.0,9.0,0.0,9.0,6.0,57.0,0.0,0.0,0.0,0.0,12.6,85.7
Troymaine Pope,2019,LAC,RB,26,14,0.0,0.0,0.0,0.0,0.0,10.0,20.0,0.0,3.0,2.0,14.0,1.0,1.0,0.0,0.0,9.4,19.8
Adam Shaheen,2019,CHI,FB,25,8,0.0,0.0,0.0,0.0,0.0,0.0,0.0,0.0,13.0,9.0,74.0,0.0,1.0,1.0,0.0,16.4,45.0
Dwayne Washington,2019,NOR,RB,25,16,0.0,0.0,0.0,0.0,0.0,8.0,60.0,0.0,1.0,1.0,6.0,0.0,0.0,0.0,0.0,7.6,1.5
Brandon Wilson,2019,CIN,RB,25,12,0.0,0.0,0.0,0.0,0.0,0.0,0.0,0.0,0.0,0.0,0.0,0.0,0.0,0.0,0.0,6.0,6.0
Khari Blasingame,2019,TEN,FB,23,6,0.0,0.0,0.0,0.0,0.0,0.0,0.0,0.0,5.0,4.0,54.0,0.0,0.0,0.0,0.0,9.4,7.9
Taiwan Jones,2019,HOU,RB,31,11,0.0,0.0,0.0,0.0,0.0,9.0,40.0,0.0,1.0,1.0,9.0,0.0,0.0,0.0,0.0,5.9,0.0
Devine Ozigbo,2019,JAX,RB,23,10,0.0,0.0,0.0,0.0,0.0,9.0,27.0,0.0,5.0,3.0,23.0,0.0,0.0,0.0,0.0,8.0,13.3
Elijhaa Penny,2019,NYG,RB,26,16,0.0,0.0,0.0,0.0,0.0,15.0,39.0,0.0,4.0,2.0,9.0,0.0,0.0,0.0,0.0,6.8,5.5
Anthony Sherman,2019,KAN,RB,31,16,0.0,0.0,0.0,0.0,0.0,4.0,9.0,0.0,3.0,2.0,22.0,0.0,0.0,0.0,0.0,5.1,8.3
Nick Bawden,2019,DET,RB,23,10,0.0,0.0,0.0,0.0,0.0,0.0,0.0,0.0,6.0,4.0,17.0,0.0,0.0,0.0,0.0,5.7,3.0
Tyler Ervin,2019,2TM,RB,26,10,0.0,0.0,0.0,0.0,0.0,1.0,10.0,0.0,4.0,2.0,11.0,0.0,0.0,0.0,0.0,4.1,26.1
Samaje Perine,2019,2TM,RB,24,7,0.0,0.0,0.0,0.0,0.0,5.0,16.0,0.0,0.0,0.0,0.0,0.0,0.0,0.0,0.0,1.6,65.7
Keith Smith,2019,ATL,FB,27,16,0.0,0.0,0.0,0.0,0.0,5.0,8.0,0.0,3.0,1.0,13.0,0.0,0.0,0.0,0.0,3.1,17.6
Josh Adams,2019,NYJ,RB,23,3,0.0,0.0,0.0,0.0,0.0,8.0,12.0,0.0,0.0,0.0,0.0,0.0,0.0,0.0,0.0,1.2,36.6
Tony Brooks-James,2019,PIT,RB,25,3,0.0,0.0,0.0,0.0,0.0,8.0,7.0,0.0,0.0,0.0,0.0,0.0,0.0,0.0,0.0,0.7,0.4
Damien Harris,2019,NWE,RB,22,2,0.0,0.0,0.0,0.0,0.0,4.0,12.0,0.0,0.0,0.0,0.0,0.0,0.0,0.0,0.0,1.2,91.3
Buddy Howell,2019,HOU,RB,23,16,0.0,0.0,0.0,0.0,0.0,5.0,10.0,0.0,0.0,0.0,0.0,0.0,0.0,0.0,0.0,1.0,7.7
Jakob Johnson,2019,NWE,FB,25,4,0.0,0.0,0.0,0.0,0.0,0.0,0.0,0.0,2.0,1.0,5.0,0.0,0.0,0.0,0.0,1.5,17.5
John Kelly,2019,LAR,RB,23,4,0.0,0.0,0.0,0.0,0.0,3.0,9.0,0.0,0.0,0.0,0.0,0.0,0.0,0.0,0.0,0.9,1.3
Ryan Nall,2019,CHI,RB,24,8,0.0,0.0,0.0,0.0,0.0,2.0,8.0,0.0,0.0,0.0,0.0,0.0,0.0,0.0,0.0,0.8,20.7
Jordan Scarlett,2019,CAR,RB,23,9,0.0,0.0,0.0,0.0,0.0,4.0,9.0,0.0,0.0,0.0,0.0,0.0,0.0,0.0,0.0,0.9,0.0
Dexter Williams,2019,GNB,RB,22,4,0.0,0.0,0.0,0.0,0.0,5.0,11.0,0.0,0.0,0.0,0.0,0.0,0.0,0.0,0.0,1.1,0.8
Michael Burton,2019,WAS,RB,27,10,0.0,0.0,0.0,0.0,0.0,0.0,0.0,0.0,1.0,0.0,0.0,0.0,0.0,0.0,0.0,0.0,8.6
Trenton Cannon,2019,NYJ,RB,25,4,0.0,0.0,0.0,0.0,0.0,0.0,0.0,0.0,0.0,0.0,0.0,0.0,0.0,0.0,0.0,0.0,7.9
Chandler Cox,2019,MIA,RB,23,13,0.0,0.0,0.0,0.0,0.0,0.0,0.0,0.0,0.0,0.0,0.0,0.0,0.0,0.0,0.0,0.0,2.9
Cullen Gillaspia,2019,HOU,RB,24,16,0.0,0.0,0.0,0.0,0.0,0.0,0.0,0.0,0.0,0.0,0.0,0.0,0.0,0.0,0.0,0.0,1.6
Jeremy McNichols,2019,JAX,RB,24,1,0.0,0.0,0.0,0.0,0.0,0.0,0.0,0.0,0.0,0.0,0.0,0.0,0.0,0.0,0.0,0.0,43.9
Alfred Morris,2019,ARI,RB,31,1,0.0,0.0,0.0,0.0,0.0,1.0,4.0,0.0,0.0,0.0,0.0,0.0,0.0,0.0,0.0,0.4,40.7
Senorise Perry,2019,BUF,RB,28,11,0.0,0.0,0.0,0.0,0.0,3.0,3.0,0.0,1.0,1.0,1.0,0.0,0.0,0.0,0.0,1.4,0.9
Craig Reynolds,2019,WAS,RB,23,3,0.0,0.0,0.0,0.0,0.0,0.0,0.0,0.0,0.0,0.0,0.0,0.0,0.0,0.0,0.0,0.0,1.7
Austin Walter,2019,NYG,RB,23,1,0.0,0.0,0.0,0.0,0.0,0.0,0.0,0.0,0.0,0.0,0.0,0.0,0.0,0.0,0.0,0.0,4.0
Trayveon Williams,2019,CIN,RB,22,11,0.0,0.0,0.0,0.0,0.0,0.0,0.0,0.0,0.0,0.0,0.0,0.0,0.0,0.0,0.0,0.0,21.7
Corey Clement,2019,PHI,RB,25,4,0.0,0.0,0.0,0.0,0.0,0.0,0.0,0.0,0.0,0.0,0.0,0.0,2.0,0.0,0.0,-4.0,21.0
Derrick Henry,2020,TEN,RB,26,16,0.0,0.0,0.0,0.0,0.0,378.0,2027.0,17.0,31.0,19.0,114.0,0.0,2.0,1.0,0.0,333.1,193.3
Alvin Kamara,2020,NOR,RB,25,15,0.0,0.0,0.0,0.0,0.0,187.0,932.0,16.0,107.0,83.0,756.0,5.0,0.0,0.0,0.0,377.8,234.7
Dalvin Cook,2020,MIN,RB,25,14,0.0,0.0,0.0,0.0,0.0,312.0,1557.0,16.0,54.0,44.0,361.0,1.0,3.0,3.0,0.0,337.8,206.3
Jonathan Taylor,2020,IND,RB,21,15,0.0,0.0,0.0,0.0,0.0,232.0,1169.0,11.0,39.0,36.0,299.0,1.0,1.0,0.0,0.0,252.8,373.1
Aaron Jones,2020,GNB,RB,26,14,0.0,0.0,0.0,0.0,0.0,201.0,1104.0,9.0,63.0,47.0,355.0,2.0,0.0,0.0,0.0,258.9,229.0
David Montgomery,2020,CHI,RB,23,15,0.0,0.0,0.0,0.0,0.0,247.0,1070.0,8.0,68.0,54.0,438.0,2.0,1.0,1.0,0.0,264.8,195.0
James Robinson,2020,JAX,RB,22,14,0.0,0.0,0.0,0.0,0.0,240.0,1070.0,7.0,60.0,49.0,344.0,3.0,1.0,1.0,0.0,250.4,173.9
Josh Jacobs,2020,LVR,RB,22,15,0.0,0.0,0.0,0.0,0.0,273.0,1065.0,12.0,45.0,33.0,238.0,0.0,2.0,0.0,0.0,231.3,226.0
Nick Chubb,2020,CLE,RB,25,12,0.0,0.0,0.0,0.0,0.0,190.0,1067.0,12.0,18.0,16.0,150.0,0.0,1.0,0.0,0.0,207.7,215.3
Kareem Hunt,2020,CLE,RB,25,16,0.0,0.0,0.0,0.0,0.0,198.0,841.0,6.0,51.0,38.0,304.0,5.0,0.0,0.0,0.0,218.5,110.0
Ezekiel Elliott,2020,DAL,RB,25,15,0.0,0.0,0.0,0.0,0.0,244.0,979.0,6.0,71.0,52.0,338.0,2.0,5.0,1.0,0.0,223.7,252.1
Kenyan Drake,2020,ARI,RB,26,15,0.0,0.0,0.0,0.0,0.0,239.0,955.0,10.0,31.0,25.0,137.0,0.0,1.0,0.0,0.0,192.2,102.5
Antonio Gibson,2020,WAS,RB,22,14,0.0,0.0,0.0,0.0,0.0,170.0,795.0,11.0,44.0,36.0,247.0,0.0,2.0,0.0,0.0,202.2,229.1
Melvin Gordon,2020,DEN,RB,27,15,0.0,0.0,0.0,0.0,0.0,215.0,986.0,9.0,44.0,32.0,158.0,1.0,4.0,0.0,0.0,198.4,195.1
Ronald Jones II,2020,TAM,RB,23,14,0.0,0.0,0.0,0.0,0.0,192.0,978.0,7.0,42.0,28.0,165.0,1.0,2.0,0.0,0.0,186.3,79.2
Chris Carson,2020,SEA,RB,26,12,0.0,0.0,0.0,0.0,0.0,141.0,681.0,5.0,46.0,37.0,287.0,4.0,0.0,0.0,0.0,187.8,48.1
J.K. Dobbins,2020,BAL,RB,22,15,0.0,0.0,0.0,0.0,0.0,134.0,805.0,9.0,24.0,18.0,120.0,0.0,0.0,2.0,0.0,168.5,81.2
Mike Davis,2020,CAR,RB,27,15,0.0,0.0,0.0,0.0,0.0,165.0,642.0,6.0,70.0,59.0,373.0,2.0,1.0,0.0,0.0,206.5,138.2
David Johnson,2020,HOU,RB,29,12,0.0,0.0,0.0,0.0,0.0,147.0,691.0,6.0,46.0,33.0,314.0,2.0,1.0,0.0,0.0,179.5,81.3
D'Andre Swift,2020,DET,RB,21,13,0.0,0.0,0.0,0.0,0.0,114.0,521.0,8.0,57.0,46.0,357.0,2.0,2.0,0.0,0.0,189.8,208.9
Miles Sanders,2020,PHI,RB,23,12,0.0,0.0,0.0,0.0,0.0,164.0,867.0,6.0,52.0,28.0,197.0,0.0,2.0,2.0,0.0,170.4,117.2
Clyde Edwards-Helaire,2020,KAN,RB,21,13,0.0,0.0,0.0,0.0,0.0,181.0,803.0,4.0,54.0,36.0,297.0,1.0,0.0,0.0,0.0,176.0,117.6
James Conner,2020,PIT,RB,25,13,0.0,0.0,0.0,0.0,0.0,169.0,721.0,6.0,43.0,35.0,215.0,0.0,0.0,0.0,0.0,164.6,257.7
Nyheim Hines,2020,IND,RB,24,16,0.0,0.0,0.0,0.0,0.0,89.0,380.0,3.0,76.0,63.0,482.0,4.0,0.0,1.0,0.0,193.2,112.6
Jeff Wilson,2020,SFO,RB,25,12,0.0,0.0,0.0,0.0,0.0,126.0,600.0,7.0,28.0,13.0,133.0,3.0,2.0,0.0,0.0,142.3,51.5
Myles Gaskin,2020,MIA,RB,23,10,0.0,0.0,0.0,0.0,0.0,142.0,584.0,3.0,47.0,41.0,388.0,2.0,2.0,0.0,0.0,164.2,173.6
Gus Edwards,2020,BAL,RB,25,16,0.0,0.0,0.0,0.0,0.0,144.0,723.0,6.0,13.0,9.0,129.0,0.0,1.0,0.0,0.0,128.2,59.3
Wayne Gallman,2020,NYG,RB,26,15,0.0,0.0,0.0,0.0,0.0,147.0,682.0,6.0,27.0,21.0,114.0,0.0,0.0,0.0,0.0,136.6,13.5
Chase Edmonds,2020,ARI,RB,24,16,0.0,0.0,0.0,0.0,0.0,97.0,448.0,1.0,67.0,53.0,402.0,4.0,0.0,0.0,0.0,168.0,143.3
Darrell Henderson,2020,LAR,RB,23,15,0.0,0.0,0.0,0.0,0.0,138.0,624.0,5.0,24.0,16.0,159.0,1.0,0.0,0.0,0.0,130.3,163.4
Latavius Murray,2020,NOR,RB,30,15,0.0,0.0,0.0,0.0,0.0,146.0,656.0,4.0,26.0,23.0,176.0,1.0,0.0,0.0,0.0,136.2,103.6
Adrian Peterson,2020,DET,RB,35,16,0.0,0.0,0.0,0.0,0.0,156.0,604.0,7.0,18.0,12.0,101.0,0.0,0.0,0.0,0.0,124.5,26.6
Giovani Bernard,2020,CIN,RB,29,16,0.0,0.0,0.0,0.0,0.0,124.0,416.0,3.0,59.0,47.0,355.0,3.0,1.0,0.0,0.0,158.1,59.1
Austin Ekeler,2020,LAC,RB,25,10,0.0,0.0,0.0,0.0,0.0,116.0,530.0,1.0,65.0,54.0,403.0,2.0,0.0,0.0,0.0,165.3,343.8
J.D. McKissic,2020,WAS,RB,27,16,0.0,0.0,0.0,0.0,0.0,85.0,365.0,1.0,110.0,80.0,589.0,2.0,1.0,0.0,0.0,191.4,127.9
Devin Singletary,2020,BUF,RB,23,16,0.0,0.0,0.0,0.0,0.0,156.0,687.0,2.0,50.0,38.0,269.0,0.0,1.0,0.0,0.0,143.6,197.8
Leonard Fournette,2020,TAM,RB,25,13,0.0,0.0,0.0,0.0,0.0,97.0,367.0,6.0,47.0,36.0,233.0,0.0,0.0,0.0,0.0,132.0,255.6
Jamaal Williams,2020,GNB,RB,25,14,0.0,0.0,0.0,0.0,0.0,119.0,505.0,2.0,35.0,31.0,236.0,1.0,0.0,2.0,0.0,127.1,119.8
Jerick McKinnon,2020,SFO,RB,28,16,0.0,0.0,0.0,0.0,0.0,81.0,319.0,5.0,46.0,33.0,253.0,1.0,0.0,0.0,0.0,126.2,35.9
Tony Pollard,2020,DAL,RB,23,16,0.0,0.0,0.0,0.0,0.0,101.0,435.0,4.0,40.0,28.0,193.0,1.0,0.0,0.0,0.0,120.8,162.6
Cam Akers,2020,LAR,RB,21,13,0.0,0.0,0.0,0.0,0.0,145.0,625.0,2.0,14.0,11.0,123.0,1.0,1.0,0.0,0.0,101.8,4.3
Zack Moss,2020,BUF,RB,23,13,0.0,0.0,0.0,0.0,0.0,112.0,481.0,4.0,18.0,14.0,95.0,1.0,0.0,0.0,0.0,101.6,105.2
Malcolm Brown,2020,LAR,RB,27,16,0.0,0.0,0.0,0.0,0.0,101.0,419.0,5.0,33.0,23.0,162.0,0.0,1.0,0.0,0.0,109.1,22.5
Damien Harris,2020,NWE,RB,23,10,0.0,0.0,0.0,0.0,0.0,137.0,691.0,2.0,7.0,5.0,52.0,0.0,0.0,0.0,0.0,91.3,210.1
Raheem Mostert,2020,SFO,RB,28,8,0.0,0.0,0.0,0.0,0.0,104.0,521.0,2.0,19.0,16.0,156.0,1.0,1.0,0.0,0.0,99.7,2.0
Rex Burkhead,2020,NWE,RB,30,10,0.0,0.0,0.0,0.0,0.0,67.0,274.0,3.0,33.0,25.0,192.0,3.0,0.0,0.0,0.0,107.6,104.3
Joe Mixon,2020,CIN,RB,24,6,0.0,0.0,0.0,0.0,0.0,119.0,428.0,3.0,26.0,21.0,138.0,1.0,1.0,0.0,0.0,99.6,287.9
Alexander Mattison,2020,MIN,RB,22,13,0.0,0.0,0.0,0.0,0.0,96.0,434.0,2.0,15.0,13.0,125.0,1.0,0.0,0.0,0.0,86.9,125.9
Christian McCaffrey,2020,CAR,RB,24,3,0.0,0.0,0.0,0.0,0.0,59.0,225.0,5.0,19.0,17.0,149.0,1.0,0.0,0.0,0.0,90.4,127.5
Boston Scott,2020,PHI,RB,25,16,0.0,0.0,0.0,0.0,0.0,80.0,374.0,1.0,36.0,25.0,212.0,1.0,0.0,0.0,0.0,95.6,98.6
Brian Hill,2020,ATL,RB,25,16,0.0,0.0,0.0,0.0,0.0,100.0,465.0,1.0,30.0,25.0,199.0,0.0,1.0,0.0,0.0,95.4,0.0
Devontae Booker,2020,LVR,RB,28,16,0.0,0.0,0.0,0.0,0.0,93.0,423.0,3.0,21.0,17.0,84.0,0.0,0.0,0.0,0.0,85.7,144.1
Carlos Hyde,2020,SEA,RB,30,10,0.0,0.0,0.0,0.0,0.0,81.0,356.0,4.0,20.0,16.0,93.0,0.0,0.0,0.0,0.0,84.9,45.8
Sony Michel,2020,NWE,RB,25,9,0.0,0.0,0.0,0.0,0.0,79.0,449.0,1.0,9.0,7.0,114.0,1.0,0.0,0.0,0.0,75.3,146.3
James White,2020,NWE,RB,28,14,0.0,0.0,0.0,0.0,0.0,35.0,121.0,2.0,62.0,49.0,375.0,1.0,0.0,0.0,0.0,116.6,31.2
Kalen Ballage,2020,2TM,RB,25,11,0.0,0.0,0.0,0.0,0.0,91.0,303.0,3.0,37.0,29.0,166.0,0.0,0.0,0.0,0.0,93.9,6.4
Benny Snell Jr.,2020,PIT,RB,22,16,0.0,0.0,0.0,0.0,0.0,111.0,368.0,4.0,14.0,10.0,61.0,0.0,1.0,0.0,0.0,74.9,13.1
Kyle Juszczyk,2020,SFO,FB,29,16,0.0,0.0,0.0,0.0,0.0,17.0,64.0,2.0,29.0,19.0,202.0,4.0,0.0,0.0,0.0,81.6,73.8
Le'Veon Bell,2020,2TM,RB,28,11,0.0,0.0,0.0,0.0,0.0,82.0,328.0,2.0,20.0,16.0,138.0,0.0,0.0,0.0,0.0,74.6,38.1
Phillip Lindsay,2020,DEN,RB,26,11,0.0,0.0,0.0,0.0,0.0,118.0,502.0,1.0,14.0,7.0,28.0,0.0,0.0,0.0,0.0,66.0,45.4
Salvon Ahmed,2020,MIA,RB,22,6,0.0,0.0,0.0,0.0,0.0,75.0,319.0,3.0,14.0,11.0,61.0,0.0,0.0,1.0,0.0,69.0,38.6
Joshua Kelley,2020,LAC,RB,23,14,0.0,0.0,0.0,0.0,0.0,111.0,354.0,2.0,23.0,23.0,148.0,0.0,2.0,0.0,0.0,81.2,17.0
Duke Johnson,2020,HOU,RB,27,11,0.0,0.0,0.0,0.0,0.0,77.0,235.0,1.0,35.0,28.0,249.0,1.0,2.0,0.0,0.0,84.4,59.1
Samaje Perine,2020,CIN,RB,25,16,0.0,0.0,0.0,0.0,0.0,63.0,301.0,3.0,12.0,11.0,66.0,0.0,0.0,0.0,0.0,65.7,83.2
Kerryon Johnson,2020,DET,RB,23,16,0.0,0.0,0.0,0.0,0.0,52.0,181.0,2.0,26.0,19.0,187.0,1.0,1.0,0.0,0.0,71.8,0.0
Peyton Barber,2020,WAS,RB,26,16,0.0,0.0,0.0,0.0,0.0,94.0,258.0,4.0,7.0,4.0,12.0,0.0,0.0,0.0,0.0,55.0,49.9
Jordan Wilkins,2020,IND,RB,26,15,0.0,0.0,0.0,0.0,0.0,84.0,308.0,1.0,16.0,12.0,105.0,0.0,0.0,1.0,0.0,61.3,0.0
Mark Ingram,2020,BAL,RB,31,11,0.0,0.0,0.0,0.0,0.0,72.0,299.0,2.0,8.0,6.0,50.0,0.0,0.0,0.0,0.0,52.9,108.6
Ty Johnson,2020,2TM,RB,23,13,0.0,0.0,0.0,0.0,0.0,54.0,254.0,1.0,21.0,16.0,99.0,1.0,0.0,0.0,0.0,63.3,117.0
Justin Jackson,2020,LAC,RB,24,9,0.0,0.0,0.0,0.0,0.0,59.0,270.0,0.0,24.0,19.0,173.0,0.0,0.0,1.0,0.0,65.3,86.2
Anthony Firkser,2020,TEN,FB,25,16,0.0,0.0,0.0,0.0,0.0,0.0,0.0,0.0,53.0,39.0,387.0,1.0,0.0,0.0,0.0,83.7,79.1
La'Mical Perine,2020,NYJ,RB,22,10,0.0,0.0,0.0,0.0,0.0,64.0,232.0,2.0,15.0,11.0,63.0,0.0,0.0,0.0,0.0,52.5,3.1
DeeJay Dallas,2020,SEA,RB,22,12,0.0,0.0,0.0,0.0,0.0,34.0,108.0,2.0,20.0,17.0,111.0,1.0,0.0,0.0,0.0,56.9,60.1
Ito Smith,2020,ATL,RB,25,14,0.0,0.0,0.0,0.0,0.0,63.0,268.0,1.0,26.0,17.0,75.0,0.0,0.0,0.0,0.0,57.3,6.4
AJ Dillon,2020,GNB,RB,22,11,0.0,0.0,0.0,0.0,0.0,46.0,242.0,2.0,2.0,2.0,21.0,0.0,0.0,0.0,0.0,40.3,185.6
Darrel Williams,2020,KAN,RB,25,16,0.0,0.0,0.0,0.0,0.0,39.0,169.0,1.0,26.0,18.0,116.0,0.0,0.0,1.0,0.0,54.5,196.0
Matt Breida,2020,MIA,RB,25,12,0.0,0.0,0.0,0.0,0.0,59.0,254.0,0.0,10.0,9.0,96.0,0.0,1.0,0.0,0.0,42.0,42.7
Jeremy McNichols,2020,TEN,RB,25,16,0.0,0.0,0.0,0.0,0.0,47.0,204.0,1.0,17.0,12.0,55.0,0.0,0.0,0.0,0.0,43.9,73.6
Jalen Richard,2020,LVR,RB,27,13,0.0,0.0,0.0,0.0,0.0,22.0,123.0,1.0,23.0,19.0,138.0,0.0,0.0,0.0,0.0,51.1,23.2
Josh Adams,2020,NYJ,RB,24,8,0.0,0.0,0.0,0.0,0.0,29.0,157.0,2.0,8.0,6.0,29.0,0.0,0.0,0.0,0.0,36.6,0.0
Jordan Howard,2020,2TM,RB,26,7,0.0,0.0,0.0,0.0,0.0,35.0,60.0,4.0,1.0,1.0,-3.0,0.0,0.0,0.0,0.0,30.7,62.5
Devonta Freeman,2020,NYG,RB,28,5,0.0,0.0,0.0,0.0,0.0,54.0,172.0,1.0,10.0,7.0,58.0,0.0,0.0,0.0,0.0,36.0,146.6
Rodney Smith,2020,CAR,RB,24,7,0.0,0.0,0.0,0.0,0.0,41.0,156.0,1.0,11.0,9.0,59.0,0.0,0.0,0.0,0.0,36.5,9.8
Royce Freeman,2020,DEN,RB,24,16,0.0,0.0,0.0,0.0,0.0,35.0,170.0,0.0,13.0,12.0,81.0,0.0,0.0,0.0,0.0,37.1,34.6
Jamycal Hasty,2020,SFO,RB,24,8,0.0,0.0,0.0,0.0,0.0,39.0,148.0,1.0,8.0,7.0,33.0,0.0,0.0,0.0,0.0,31.1,49.5
Travis Homer,2020,SEA,RB,22,9,0.0,0.0,0.0,0.0,0.0,25.0,88.0,0.0,10.0,9.0,90.0,1.0,0.0,0.0,0.0,32.8,61.8
Ameer Abdullah,2020,MIN,RB,27,16,0.0,0.0,0.0,0.0,0.0,8.0,42.0,0.0,9.0,8.0,58.0,2.0,0.0,0.0,0.0,30.0,89.5
Alex Collins,2020,SEA,RB,26,3,0.0,0.0,0.0,0.0,0.0,18.0,77.0,2.0,2.0,1.0,4.0,0.0,0.0,0.0,0.0,21.1,68.8
Dare Ogunbowale,2020,JAX,RB,26,14,0.0,0.0,0.0,0.0,0.0,32.0,145.0,0.0,20.0,10.0,54.0,0.0,0.0,0.0,0.0,29.9,50.1
Antonio Williams,2020,BUF,RB,23,1,0.0,0.0,0.0,0.0,0.0,12.0,63.0,2.0,1.0,1.0,20.0,0.0,0.0,0.0,0.0,21.3,0.0
C.J. Ham,2020,MIN,FB,27,15,0.0,0.0,0.0,0.0,0.0,5.0,18.0,0.0,13.0,8.0,97.0,1.0,0.0,0.0,0.0,25.5,32.9
D'Ernest Johnson,2020,CLE,RB,24,16,0.0,0.0,0.0,0.0,0.0,33.0,166.0,0.0,4.0,3.0,14.0,0.0,0.0,0.0,0.0,21.0,104.1
Ke'Shawn Vaughn,2020,TAM,RB,23,10,0.0,0.0,0.0,0.0,0.0,26.0,109.0,0.0,10.0,5.0,34.0,1.0,1.0,0.0,0.0,23.3,36.6
Alec Ingold,2020,LVR,FB,24,16,0.0,0.0,0.0,0.0,0.0,3.0,4.0,0.0,17.0,12.0,110.0,1.0,0.0,0.0,0.0,29.4,24.6
Anthony McFarland Jr.,2020,PIT,RB,22,11,0.0,0.0,0.0,0.0,0.0,33.0,113.0,0.0,9.0,6.0,54.0,0.0,0.0,0.0,0.0,22.7,2.4
Trayveon Williams,2020,CIN,RB,23,10,0.0,0.0,0.0,0.0,0.0,26.0,157.0,0.0,5.0,5.0,30.0,0.0,1.0,0.0,0.0,21.7,6.5
Corey Clement,2020,PHI,RB,26,15,0.0,0.0,0.0,0.0,0.0,21.0,75.0,1.0,6.0,5.0,25.0,0.0,0.0,0.0,0.0,21.0,28.9
D'Onta Foreman,2020,TEN,RB,24,6,0.0,0.0,0.0,0.0,0.0,22.0,95.0,0.0,1.0,1.0,5.0,1.0,0.0,0.0,0.0,17.0,93.9
Reggie Bonnafon,2020,CAR,RB,24,2,0.0,0.0,0.0,0.0,0.0,12.0,69.0,0.0,2.0,2.0,18.0,1.0,0.0,0.0,0.0,16.7,3.6
Gabe Nabers,2020,LAC,FB,23,16,0.0,0.0,0.0,0.0,0.0,2.0,7.0,0.0,7.0,5.0,25.0,2.0,0.0,0.0,0.0,20.2,5.5
Darrynton Evans,2020,TEN,RB,22,5,0.0,0.0,0.0,0.0,0.0,14.0,54.0,0.0,4.0,2.0,27.0,1.0,0.0,0.0,0.0,16.1,3.8
Mike Boone,2020,MIN,RB,25,16,0.0,0.0,0.0,0.0,0.0,11.0,59.0,1.0,2.0,2.0,10.0,0.0,0.0,0.0,0.0,14.9,7.7
Ryan Nall,2020,CHI,RB,25,16,0.0,0.0,0.0,0.0,0.0,3.0,0.0,0.0,9.0,8.0,67.0,1.0,0.0,0.0,0.0,20.7,1.8
Patrick Laird,2020,MIA,RB,25,16,0.0,0.0,0.0,0.0,0.0,13.0,72.0,0.0,12.0,10.0,68.0,0.0,1.0,0.0,0.0,22.0,5.1
J.J. Taylor,2020,NWE,RB,22,6,0.0,0.0,0.0,0.0,0.0,23.0,110.0,0.0,2.0,1.0,4.0,0.0,0.0,0.0,0.0,12.4,18.5
Jakob Johnson,2020,NWE,FB,26,16,0.0,0.0,0.0,0.0,0.0,0.0,0.0,0.0,9.0,8.0,35.0,1.0,0.0,0.0,0.0,17.5,8.3
Saquon Barkley,2020,NYG,RB,23,2,0.0,0.0,0.0,0.0,0.0,19.0,34.0,0.0,9.0,6.0,60.0,0.0,0.0,0.0,0.0,15.4,148.6
Tevin Coleman,2020,SFO,RB,27,8,0.0,0.0,0.0,0.0,0.0,28.0,53.0,0.0,5.0,4.0,34.0,0.0,0.0,0.0,0.0,12.7,51.5
Artavis Pierce,2020,CHI,RB,24,5,0.0,0.0,0.0,0.0,0.0,6.0,34.0,1.0,0.0,0.0,0.0,0.0,0.0,0.0,0.0,9.4,0.0
Reggie Gilliam,2020,BUF,FB,23,14,0.0,0.0,0.0,0.0,0.0,0.0,0.0,0.0,2.0,2.0,16.0,1.0,0.0,0.0,0.0,9.6,5.6
Justice Hill,2020,BAL,RB,23,12,0.0,0.0,0.0,0.0,0.0,12.0,60.0,0.0,5.0,5.0,20.0,0.0,0.0,0.0,0.0,13.0,42.0
Patrick Ricard,2020,BAL,FB,26,15,0.0,0.0,0.0,0.0,0.0,1.0,-1.0,0.0,12.0,9.0,45.0,1.0,1.0,0.0,0.0,17.4,20.7
Buddy Howell,2020,HOU,RB,24,14,0.0,0.0,0.0,0.0,0.0,16.0,64.0,0.0,2.0,1.0,3.0,0.0,0.0,0.0,0.0,7.7,1.1
Jaylen Samuels,2020,PIT,RB,24,14,0.0,0.0,0.0,0.0,0.0,9.0,28.0,0.0,14.0,9.0,46.0,0.0,0.0,0.0,0.0,16.4,5.3
Keith Smith,2020,ATL,FB,28,16,0.0,0.0,0.0,0.0,0.0,4.0,7.0,0.0,15.0,11.0,59.0,0.0,0.0,0.0,0.0,17.6,17.7
Jonathan Ward,2020,ARI,RB,23,14,0.0,0.0,0.0,0.0,0.0,0.0,0.0,0.0,1.0,1.0,11.0,1.0,0.0,0.0,0.0,8.1,9.7
Marlon Mack,2020,IND,RB,24,1,0.0,0.0,0.0,0.0,0.0,4.0,26.0,0.0,3.0,3.0,30.0,0.0,0.0,0.0,0.0,8.6,12.9
Brandon Wilson,2020,CIN,RB,26,15,0.0,0.0,0.0,0.0,0.0,0.0,0.0,0.0,0.0,0.0,0.0,0.0,0.0,0.0,0.0,6.0,0.0
Michael Burton,2020,NOR,FB,28,15,0.0,0.0,0.0,0.0,0.0,7.0,18.0,0.0,4.0,4.0,28.0,0.0,0.0,0.0,0.0,8.6,14.7
Trenton Cannon,2020,CAR,RB,26,14,0.0,0.0,0.0,0.0,0.0,10.0,33.0,0.0,3.0,3.0,16.0,0.0,0.0,0.0,0.0,7.9,-1.6
Dontrell Hilliard,2020,2TM,RB,25,7,0.0,0.0,0.0,0.0,0.0,9.0,48.0,0.0,1.0,1.0,2.0,0.0,0.0,0.0,0.0,6.0,72.7
Khari Blasingame,2020,TEN,FB,24,15,0.0,0.0,0.0,0.0,0.0,0.0,0.0,0.0,5.0,4.0,39.0,0.0,0.0,0.0,0.0,7.9,1.0
Devine Ozigbo,2020,JAX,RB,24,8,0.0,0.0,0.0,0.0,0.0,1.0,1.0,0.0,9.0,9.0,42.0,0.0,0.0,0.0,0.0,13.3,1.4
Elijhaa Penny,2020,NYG,RB,27,14,0.0,0.0,0.0,0.0,0.0,6.0,15.0,0.0,3.0,2.0,20.0,0.0,0.0,0.0,0.0,5.5,35.9
Alex Armah,2020,CAR,FB,26,16,0.0,0.0,0.0,0.0,0.0,6.0,9.0,0.0,9.0,5.0,18.0,0.0,0.0,0.0,0.0,7.7,9.2
Rashaad Penny,2020,SEA,RB,24,3,0.0,0.0,0.0,0.0,0.0,11.0,34.0,0.0,0.0,0.0,0.0,0.0,0.0,0.0,0.0,3.4,121.7
Austin Walter,2020,SFO,RB,24,4,0.0,0.0,0.0,0.0,0.0,1.0,3.0,0.0,1.0,1.0,27.0,0.0,0.0,0.0,0.0,4.0,19.0
Rico Dowdle,2020,DAL,RB,22,15,0.0,0.0,0.0,0.0,0.0,7.0,24.0,0.0,0.0,0.0,0.0,0.0,0.0,0.0,0.0,2.4,0.0
Jason Huntley,2020,PHI,RB,22,5,0.0,0.0,0.0,0.0,0.0,5.0,19.0,0.0,2.0,1.0,0.0,0.0,0.0,0.0,0.0,2.9,5.1
Andy Janovich,2020,CLE,RB,27,14,0.0,0.0,0.0,0.0,0.0,2.0,4.0,0.0,5.0,2.0,13.0,0.0,0.0,0.0,0.0,3.7,11.9
Scottie Phillips,2020,HOU,RB,23,8,0.0,0.0,0.0,0.0,0.0,2.0,9.0,0.0,1.0,1.0,7.0,0.0,0.0,0.0,0.0,2.6,4.2
Dwayne Washington,2020,NOR,RB,26,11,0.0,0.0,0.0,0.0,0.0,8.0,15.0,0.0,0.0,0.0,0.0,0.0,0.0,0.0,0.0,1.5,4.8
Nick Bellore,2020,SEA,FB,31,16,0.0,0.0,0.0,0.0,0.0,1.0,5.0,0.0,1.0,1.0,9.0,0.0,0.0,0.0,0.0,2.4,1.4
Cullen Gillaspia,2020,HOU,RB,25,7,0.0,0.0,0.0,0.0,0.0,0.0,0.0,0.0,1.0,1.0,6.0,0.0,0.0,0.0,0.0,1.6,0.0
Tony Jones,2020,NOR,RB,23,1,0.0,0.0,0.0,0.0,0.0,3.0,13.0,0.0,0.0,0.0,0.0,0.0,0.0,0.0,0.0,1.3,22.1
Craig Reynolds,2020,JAX,RB,24,2,0.0,0.0,0.0,0.0,0.0,1.0,4.0,0.0,1.0,1.0,3.0,0.0,0.0,0.0,0.0,1.7,35.2
Jonathan Williams,2020,DET,RB,26,5,0.0,0.0,0.0,0.0,0.0,1.0,5.0,0.0,4.0,4.0,21.0,0.0,1.0,0.0,0.0,4.6,20.7
Jake Bargas,2020,MIN,FB,24,1,0.0,0.0,0.0,0.0,0.0,0.0,0.0,0.0,0.0,0.0,0.0,0.0,0.0,0.0,0.0,0.0,0.0
Kenjon Barner,2020,TAM,RB,31,6,0.0,0.0,0.0,0.0,0.0,0.0,0.0,0.0,1.0,0.0,0.0,0.0,0.0,0.0,0.0,0.0,0.0
Darius Bradwell,2020,LAC,FB,23,2,0.0,0.0,0.0,0.0,0.0,0.0,0.0,0.0,0.0,0.0,0.0,0.0,0.0,0.0,0.0,0.0,0.0
Nathan Cottrell,2020,JAX,RB,24,8,0.0,0.0,0.0,0.0,0.0,0.0,0.0,0.0,0.0,0.0,0.0,0.0,0.0,0.0,0.0,0.0,0.3
Trey Edmunds,2020,PIT,RB,26,4,0.0,0.0,0.0,0.0,0.0,0.0,0.0,0.0,0.0,0.0,0.0,0.0,0.0,0.0,0.0,0.0,0.0
Taiwan Jones,2020,BUF,RB,32,13,0.0,0.0,0.0,0.0,0.0,0.0,0.0,0.0,2.0,0.0,0.0,0.0,0.0,0.0,0.0,0.0,0.0
Qadree Ollison,2020,ATL,RB,24,3,0.0,0.0,0.0,0.0,0.0,1.0,3.0,0.0,0.0,0.0,0.0,0.0,0.0,0.0,0.0,0.3,19.7
Wendell Smallwood,2020,PIT,RB,26,1,0.0,0.0,0.0,0.0,0.0,0.0,0.0,0.0,0.0,0.0,0.0,0.0,0.0,0.0,0.0,0.0,8.7
Johnny Stanton,2020,CLE,FB,26,1,0.0,0.0,0.0,0.0,0.0,0.0,0.0,0.0,0.0,0.0,0.0,0.0,0.0,0.0,0.0,0.0,9.2
Derek Watt,2020,PIT,FB,28,12,0.0,0.0,0.0,0.0,0.0,0.0,0.0,0.0,0.0,0.0,0.0,0.0,0.0,0.0,0.0,0.0,4.6
Jonathan Taylor,2021,IND,RB,22,17,0.0,0.0,0.0,0.0,0.0,332.0,1811.0,18.0,51.0,40.0,360.0,2.0,2.0,0.0,0.0,373.1,146.4
Austin Ekeler,2021,LAC,RB,26,16,0.0,0.0,0.0,0.0,0.0,206.0,911.0,12.0,94.0,70.0,647.0,8.0,3.0,2.0,0.0,343.8,372.7
Joe Mixon,2021,CIN,RB,25,16,0.0,0.0,0.0,0.0,0.0,292.0,1205.0,13.0,48.0,42.0,314.0,3.0,1.0,0.0,0.0,287.9,239.5
Najee Harris,2021,PIT,RB,23,17,0.0,0.0,0.0,0.0,0.0,307.0,1200.0,7.0,94.0,74.0,467.0,3.0,0.0,0.0,0.0,300.7,223.5
James Conner,2021,ARI,RB,26,15,0.0,0.0,0.0,0.0,0.0,202.0,752.0,15.0,39.0,37.0,375.0,3.0,0.0,0.0,0.0,257.7,200.2
Ezekiel Elliott,2021,DAL,RB,26,17,1.0,1.0,4.0,0.0,0.0,237.0,1002.0,10.0,65.0,47.0,287.0,2.0,1.0,3.0,0.0,252.1,185.8
Nick Chubb,2021,CLE,RB,26,14,0.0,0.0,0.0,0.0,0.0,228.0,1259.0,8.0,25.0,20.0,174.0,1.0,1.0,0.0,0.0,215.3,281.4
Damien Harris,2021,NWE,RB,24,15,0.0,0.0,0.0,0.0,0.0,202.0,929.0,15.0,21.0,18.0,132.0,0.0,2.0,0.0,0.0,210.1,90.9
Alvin Kamara,2021,NOR,RB,26,13,0.0,0.0,0.0,0.0,0.0,240.0,898.0,4.0,67.0,47.0,439.0,5.0,0.0,0.0,0.0,234.7,211.7
Antonio Gibson,2021,WAS,RB,23,16,0.0,0.0,0.0,0.0,0.0,258.0,1037.0,7.0,52.0,42.0,294.0,3.0,4.0,1.0,0.0,229.1,165.9
Leonard Fournette,2021,TAM,RB,26,14,0.0,1.0,0.0,0.0,0.0,180.0,812.0,8.0,84.0,69.0,454.0,2.0,0.0,0.0,0.0,255.6,226.1
Cordarrelle Patterson,2021,ATL,RB,30,16,0.0,1.0,0.0,0.0,0.0,153.0,618.0,6.0,69.0,52.0,548.0,5.0,0.0,0.0,0.0,234.6,154.7
Aaron Jones,2021,GNB,RB,27,15,0.0,0.0,0.0,0.0,0.0,171.0,799.0,4.0,65.0,52.0,391.0,6.0,1.0,0.0,0.0,229.0,248.6
Derrick Henry,2021,TEN,RB,27,8,1.0,1.0,5.0,1.0,0.0,219.0,937.0,10.0,20.0,18.0,154.0,0.0,0.0,1.0,0.0,193.3,302.8
Dalvin Cook,2021,MIN,RB,26,13,0.0,0.0,0.0,0.0,0.0,249.0,1159.0,6.0,49.0,34.0,224.0,0.0,2.0,1.0,0.0,206.3,237.8
Josh Jacobs,2021,LVR,RB,23,15,0.0,0.0,0.0,0.0,0.0,217.0,872.0,9.0,64.0,54.0,348.0,0.0,2.0,0.0,0.0,226.0,328.3
Melvin Gordon,2021,DEN,RB,28,16,0.0,0.0,0.0,0.0,0.0,203.0,918.0,8.0,38.0,28.0,213.0,2.0,3.0,0.0,0.0,195.1,87.1
Javonte Williams,2021,DEN,RB,21,17,0.0,0.0,0.0,0.0,0.0,203.0,903.0,4.0,53.0,43.0,316.0,3.0,1.0,0.0,0.0,204.9,42.0
Devin Singletary,2021,BUF,RB,24,17,0.0,0.0,0.0,0.0,0.0,188.0,870.0,7.0,50.0,40.0,228.0,1.0,0.0,0.0,0.0,197.8,177.9
David Montgomery,2021,CHI,RB,24,13,0.0,1.0,0.0,0.0,1.0,225.0,849.0,7.0,51.0,42.0,301.0,0.0,1.0,0.0,0.0,195.0,177.7
AJ Dillon,2021,GNB,RB,23,17,0.0,0.0,0.0,0.0,0.0,187.0,803.0,5.0,37.0,34.0,313.0,2.0,1.0,0.0,0.0,185.6,167.6
Darrel Williams,2021,KAN,RB,26,17,0.0,0.0,0.0,0.0,0.0,144.0,558.0,6.0,57.0,47.0,452.0,2.0,0.0,0.0,0.0,196.0,21.1
D'Andre Swift,2021,DET,RB,22,13,0.0,1.0,0.0,0.0,0.0,151.0,617.0,5.0,78.0,62.0,452.0,2.0,1.0,0.0,0.0,208.9,191.1
Elijah Mitchell,2021,SFO,RB,23,11,0.0,0.0,0.0,0.0,0.0,207.0,963.0,5.0,20.0,19.0,137.0,1.0,0.0,0.0,0.0,165.0,43.6
James Robinson,2021,JAX,RB,23,14,0.0,0.0,0.0,0.0,0.0,164.0,767.0,8.0,46.0,31.0,222.0,0.0,2.0,0.0,0.0,173.9,88.6
Darrell Henderson,2021,LAR,RB,24,12,0.0,0.0,0.0,0.0,0.0,149.0,688.0,5.0,40.0,29.0,176.0,3.0,0.0,0.0,0.0,163.4,73.5
Myles Gaskin,2021,MIA,RB,24,17,0.0,0.0,0.0,0.0,0.0,173.0,612.0,3.0,63.0,49.0,234.0,4.0,1.0,0.0,0.0,173.6,9.4
Sony Michel,2021,LAR,RB,26,17,0.0,0.0,0.0,0.0,0.0,208.0,845.0,4.0,33.0,21.0,128.0,1.0,1.0,0.0,0.0,146.3,24.9
Tony Pollard,2021,DAL,RB,24,15,0.0,0.0,0.0,0.0,0.0,130.0,719.0,2.0,46.0,39.0,337.0,0.0,0.0,0.0,0.0,162.6,248.8
Michael Carter,2021,NYJ,RB,22,14,0.0,0.0,0.0,0.0,0.0,147.0,639.0,4.0,55.0,36.0,325.0,0.0,1.0,0.0,0.0,154.4,126.0
Rashaad Penny,2021,SEA,RB,25,10,0.0,0.0,0.0,0.0,0.0,119.0,749.0,6.0,8.0,6.0,48.0,0.0,0.0,0.0,0.0,121.7,52.2
Chuba Hubbard,2021,CAR,RB,22,17,0.0,0.0,0.0,0.0,0.0,172.0,612.0,5.0,37.0,25.0,174.0,1.0,1.0,0.0,0.0,137.6,87.7
Saquon Barkley,2021,NYG,RB,24,13,0.0,0.0,0.0,0.0,0.0,162.0,593.0,2.0,57.0,41.0,263.0,2.0,1.0,0.0,0.0,148.6,284.0
Rhamondre Stevenson,2021,NWE,RB,23,12,0.0,0.0,0.0,0.0,0.0,133.0,606.0,5.0,18.0,14.0,123.0,0.0,1.0,0.0,0.0,114.9,249.1
Chase Edmonds,2021,ARI,RB,25,12,0.0,0.0,0.0,0.0,0.0,116.0,592.0,2.0,53.0,43.0,311.0,0.0,1.0,0.0,0.0,143.3,74.2
Clyde Edwards-Helaire,2021,KAN,RB,22,10,0.0,0.0,0.0,0.0,0.0,119.0,517.0,4.0,23.0,19.0,129.0,2.0,2.0,1.0,0.0,117.6,98.3
Mike Davis,2021,ATL,RB,28,17,0.0,0.0,0.0,0.0,0.0,138.0,503.0,3.0,58.0,44.0,259.0,1.0,3.0,0.0,0.0,138.2,4.2
Alexander Mattison,2021,MIN,RB,23,16,0.0,0.0,0.0,0.0,0.0,134.0,491.0,3.0,39.0,32.0,228.0,1.0,1.0,0.0,0.0,125.9,88.4
Latavius Murray,2021,BAL,RB,31,14,0.0,0.0,0.0,0.0,0.0,119.0,501.0,6.0,13.0,10.0,75.0,0.0,0.0,0.0,0.0,103.6,154.2
Jamaal Williams,2021,DET,RB,26,13,0.0,0.0,0.0,0.0,0.0,153.0,601.0,3.0,28.0,26.0,157.0,0.0,0.0,0.0,0.0,119.8,225.9
Christian McCaffrey,2021,CAR,RB,25,7,0.0,0.0,0.0,0.0,0.0,99.0,442.0,1.0,41.0,37.0,343.0,1.0,0.0,0.0,0.0,127.5,356.4
Miles Sanders,2021,PHI,RB,24,12,0.0,0.0,0.0,0.0,0.0,137.0,754.0,0.0,34.0,26.0,158.0,0.0,1.0,1.0,0.0,117.2,216.7
Kenneth Gainwell,2021,PHI,RB,22,16,0.0,0.0,0.0,0.0,0.0,68.0,291.0,5.0,50.0,33.0,253.0,1.0,1.0,1.0,0.0,123.4,87.9
Kareem Hunt,2021,CLE,RB,26,8,0.0,0.0,0.0,0.0,0.0,78.0,386.0,5.0,27.0,22.0,174.0,0.0,0.0,1.0,0.0,110.0,126.8
Boston Scott,2021,PHI,RB,26,16,0.0,0.0,0.0,0.0,0.0,87.0,373.0,7.0,16.0,13.0,83.0,0.0,1.0,0.0,0.0,98.6,46.2
D'Onta Foreman,2021,TEN,RB,25,9,0.0,0.0,0.0,0.0,0.0,133.0,566.0,3.0,11.0,9.0,123.0,0.0,1.0,0.0,0.0,93.9,131.0
D'Ernest Johnson,2021,CLE,RB,25,17,0.0,0.0,0.0,0.0,0.0,100.0,534.0,3.0,25.0,19.0,137.0,0.0,0.0,0.0,0.0,104.1,5.4
J.D. McKissic,2021,WAS,RB,28,11,0.0,0.0,0.0,0.0,0.0,48.0,212.0,2.0,53.0,43.0,397.0,2.0,0.0,0.0,0.0,127.9,55.8
Brandon Bolden,2021,NWE,RB,31,17,0.0,0.0,0.0,0.0,0.0,44.0,226.0,1.0,49.0,41.0,405.0,2.0,0.0,1.0,0.0,124.1,27.3
Ty Johnson,2021,NYJ,RB,24,16,0.0,0.0,0.0,0.0,0.0,61.0,238.0,2.0,55.0,34.0,372.0,2.0,1.0,0.0,0.0,117.0,42.8
Mark Ingram,2021,2TM,RB,32,14,0.0,0.0,0.0,0.0,0.0,160.0,554.0,2.0,35.0,27.0,162.0,0.0,1.0,0.0,0.0,108.6,50.1
Zack Moss,2021,BUF,RB,24,13,0.0,0.0,0.0,0.0,0.0,96.0,345.0,4.0,32.0,23.0,197.0,1.0,1.0,0.0,0.0,105.2,64.5
Rex Burkhead,2021,HOU,RB,31,16,0.0,1.0,0.0,0.0,0.0,122.0,427.0,3.0,32.0,25.0,186.0,0.0,0.0,0.0,0.0,104.3,77.4
Kenyan Drake,2021,LVR,RB,27,12,0.0,0.0,0.0,0.0,0.0,63.0,254.0,2.0,40.0,30.0,291.0,1.0,0.0,0.0,0.0,102.5,104.1
Nyheim Hines,2021,IND,RB,25,17,0.0,0.0,0.0,0.0,0.0,56.0,276.0,2.0,57.0,40.0,310.0,1.0,2.0,0.0,0.0,112.6,81.4
Ronald Jones II,2021,TAM,RB,24,16,0.0,0.0,0.0,0.0,0.0,101.0,428.0,4.0,13.0,10.0,64.0,0.0,2.0,0.0,0.0,79.2,16.2
Khalil Herbert,2021,CHI,RB,23,17,0.0,0.0,0.0,0.0,0.0,103.0,433.0,2.0,16.0,14.0,96.0,0.0,0.0,0.0,0.0,78.9,117.8
Justin Jackson,2021,LAC,RB,25,14,0.0,0.0,0.0,0.0,0.0,68.0,364.0,2.0,25.0,22.0,178.0,0.0,1.0,0.0,0.0,86.2,51.1
Jordan Howard,2021,PHI,RB,27,7,0.0,0.0,0.0,0.0,0.0,86.0,406.0,3.0,5.0,2.0,19.0,0.0,0.0,0.0,0.0,62.5,0.1
Samaje Perine,2021,CIN,RB,26,16,0.0,0.0,0.0,0.0,0.0,55.0,246.0,1.0,31.0,27.0,196.0,1.0,0.0,0.0,0.0,83.2,142.1
Duke Johnson,2021,MIA,RB,28,5,0.0,0.0,0.0,0.0,0.0,71.0,330.0,3.0,5.0,4.0,41.0,0.0,0.0,0.0,0.0,59.1,0.4
Dontrell Hilliard,2021,TEN,RB,26,8,0.0,0.0,0.0,0.0,0.0,56.0,350.0,2.0,26.0,19.0,87.0,0.0,1.0,0.0,0.0,72.7,77.2
Ameer Abdullah,2021,2TM,RB,28,17,0.0,0.0,0.0,0.0,0.0,51.0,166.0,0.0,53.0,38.0,289.0,1.0,0.0,0.0,0.0,89.5,54.1
David Johnson,2021,HOU,RB,30,13,0.0,0.0,0.0,0.0,0.0,67.0,228.0,0.0,42.0,32.0,225.0,1.0,1.0,0.0,0.0,81.3,9.1
Derrick Gore,2021,KAN,RB,27,11,0.0,0.0,0.0,0.0,0.0,51.0,256.0,2.0,9.0,8.0,105.0,0.0,0.0,0.0,0.0,56.1,2.6
Travis Homer,2021,SEA,RB,23,14,0.0,0.0,0.0,0.0,0.0,21.0,177.0,1.0,20.0,16.0,161.0,0.0,0.0,0.0,0.0,61.8,43.1
Jeremy McNichols,2021,TEN,RB,26,14,0.0,0.0,0.0,0.0,0.0,41.0,156.0,0.0,38.0,28.0,240.0,1.0,0.0,0.0,0.0,73.6,0.0
Jaret Patterson,2021,WAS,RB,22,17,0.0,0.0,0.0,0.0,0.0,68.0,266.0,2.0,11.0,10.0,73.0,0.0,0.0,0.0,0.0,55.9,7.8
Anthony Firkser,2021,TEN,FB,26,15,0.0,0.0,0.0,0.0,0.0,0.0,0.0,0.0,43.0,34.0,291.0,2.0,1.0,0.0,0.0,79.1,19.0
Damien Williams,2021,CHI,RB,29,12,0.0,0.0,0.0,0.0,0.0,40.0,164.0,2.0,23.0,16.0,103.0,1.0,0.0,0.0,0.0,60.7,0.2
Jeff Wilson,2021,SFO,RB,26,9,0.0,0.0,0.0,0.0,0.0,79.0,294.0,2.0,8.0,7.0,31.0,0.0,0.0,0.0,0.0,51.5,158.5
Kyle Juszczyk,2021,SFO,FB,30,17,0.0,0.0,0.0,0.0,0.0,8.0,22.0,1.0,38.0,30.0,296.0,1.0,0.0,0.0,0.0,73.8,53.6
Tevin Coleman,2021,NYJ,RB,28,11,0.0,0.0,0.0,0.0,0.0,84.0,356.0,0.0,16.0,11.0,49.0,0.0,0.0,0.0,0.0,51.5,22.0
Phillip Lindsay,2021,2TM,RB,27,14,0.0,0.0,0.0,0.0,0.0,88.0,249.0,1.0,5.0,4.0,45.0,1.0,0.0,0.0,0.0,45.4,14.8
DeeJay Dallas,2021,SEA,RB,23,17,0.0,0.0,0.0,0.0,0.0,33.0,138.0,2.0,23.0,21.0,133.0,0.0,0.0,0.0,0.0,60.1,46.2
Dare Ogunbowale,2021,JAX,RB,27,17,0.0,0.0,0.0,0.0,0.0,43.0,137.0,1.0,21.0,13.0,114.0,1.0,0.0,0.0,0.0,50.1,48.7
Giovani Bernard,2021,TAM,RB,30,12,0.0,0.0,0.0,0.0,0.0,8.0,58.0,0.0,29.0,23.0,123.0,3.0,0.0,0.0,0.0,59.1,4.7
Matt Breida,2021,BUF,RB,26,9,0.0,0.0,0.0,0.0,0.0,26.0,125.0,1.0,9.0,7.0,72.0,2.0,1.0,0.0,0.0,42.7,59.8
Chris Evans,2021,CIN,RB,24,14,0.0,0.0,0.0,0.0,0.0,17.0,77.0,0.0,17.0,15.0,151.0,2.0,0.0,0.0,0.0,49.8,12.8
Demetric Felton,2021,CLE,RB,23,16,0.0,0.0,0.0,0.0,0.0,7.0,24.0,0.0,21.0,18.0,181.0,2.0,0.0,0.0,0.0,50.5,2.4
Ke'Shawn Vaughn,2021,TAM,RB,24,12,0.0,0.0,0.0,0.0,0.0,36.0,180.0,2.0,8.0,4.0,26.0,0.0,0.0,0.0,0.0,36.6,10.2
Ty'Son Williams,2021,BAL,RB,25,13,0.0,0.0,0.0,0.0,0.0,35.0,185.0,1.0,12.0,9.0,84.0,0.0,0.0,0.0,0.0,41.9,1.5
Craig Reynolds,2021,DET,RB,25,5,0.0,0.0,0.0,0.0,0.0,55.0,230.0,0.0,8.0,7.0,52.0,0.0,0.0,0.0,0.0,35.2,30.8
Salvon Ahmed,2021,MIA,RB,23,12,0.0,0.0,0.0,0.0,0.0,54.0,149.0,0.0,19.0,12.0,117.0,0.0,0.0,0.0,0.0,38.6,14.2
Jamycal Hasty,2021,SFO,RB,25,11,0.0,0.0,0.0,0.0,0.0,16.0,68.0,1.0,29.0,23.0,157.0,0.0,1.0,0.0,0.0,49.5,70.0
Royce Freeman,2021,2TM,RB,25,15,0.0,0.0,0.0,0.0,0.0,56.0,169.0,0.0,16.0,10.0,77.0,0.0,0.0,0.0,0.0,34.6,19.0
Trey Sermon,2021,SFO,RB,22,9,0.0,0.0,0.0,0.0,0.0,41.0,167.0,1.0,4.0,3.0,26.0,0.0,0.0,0.0,0.0,28.3,1.9
Corey Clement,2021,DAL,RB,27,17,0.0,0.0,0.0,0.0,0.0,33.0,140.0,0.0,7.0,6.0,29.0,1.0,0.0,0.0,0.0,28.9,21.9
Jerick McKinnon,2021,KAN,RB,29,13,0.0,0.0,0.0,0.0,0.0,12.0,62.0,0.0,20.0,13.0,107.0,1.0,0.0,0.0,0.0,35.9,196.3
Eno Benjamin,2021,ARI,RB,22,9,0.0,0.0,0.0,0.0,0.0,34.0,118.0,1.0,7.0,6.0,42.0,0.0,0.0,0.0,0.0,28.0,89.6
Jermar Jefferson,2021,DET,RB,21,7,0.0,0.0,0.0,0.0,0.0,15.0,74.0,2.0,5.0,4.0,23.0,0.0,0.0,0.0,0.0,25.7,4.2
Malcolm Brown,2021,MIA,RB,28,7,0.0,0.0,0.0,0.0,0.0,33.0,125.0,1.0,5.0,3.0,10.0,0.0,0.0,0.0,0.0,22.5,22.8
Godwin Igwebuike,2021,DET,RB,27,17,0.0,0.0,0.0,0.0,0.0,18.0,118.0,1.0,10.0,7.0,60.0,0.0,2.0,0.0,0.0,26.8,1.7
Kene Nwangwu,2021,MIN,RB,23,11,0.0,0.0,0.0,0.0,0.0,13.0,61.0,0.0,5.0,4.0,9.0,0.0,0.0,0.0,0.0,23.0,11.5
Tony Jones,2021,NOR,RB,24,11,0.0,0.0,0.0,0.0,0.0,54.0,142.0,0.0,8.0,5.0,29.0,0.0,0.0,0.0,0.0,22.1,10.4
Jonathan Williams,2021,WAS,RB,27,5,0.0,0.0,0.0,0.0,0.0,17.0,79.0,1.0,6.0,4.0,28.0,0.0,0.0,0.0,0.0,20.7,26.2
C.J. Ham,2021,MIN,FB,28,17,0.0,0.0,0.0,0.0,0.0,7.0,34.0,0.0,18.0,17.0,125.0,0.0,0.0,0.0,0.0,32.9,31.3
Qadree Ollison,2021,ATL,RB,25,8,0.0,0.0,0.0,0.0,0.0,21.0,105.0,1.0,6.0,4.0,12.0,0.0,1.0,0.0,0.0,19.7,0.0
Alec Ingold,2021,LVR,FB,25,9,0.0,0.0,0.0,0.0,0.0,2.0,1.0,0.0,12.0,10.0,85.0,1.0,0.0,0.0,0.0,24.6,38.3
Larry Rountree,2021,LAC,RB,22,12,0.0,0.0,0.0,0.0,0.0,36.0,87.0,1.0,2.0,1.0,-1.0,0.0,0.0,0.0,0.0,15.6,5.3
J.J. Taylor,2021,NWE,RB,23,5,0.0,0.0,0.0,0.0,0.0,19.0,37.0,2.0,4.0,4.0,8.0,0.0,1.0,0.0,0.0,18.5,2.7
Patrick Taylor,2021,GNB,RB,23,9,0.0,0.0,0.0,0.0,0.0,23.0,89.0,1.0,2.0,2.0,3.0,0.0,0.0,0.0,0.0,17.2,5.8
Patrick Ricard,2021,BAL,FB,27,13,0.0,0.0,0.0,0.0,0.0,2.0,4.0,0.0,13.0,8.0,63.0,1.0,0.0,0.0,0.0,20.7,20.0
Michael Burton,2021,KAN,FB,29,16,0.0,0.0,0.0,0.0,0.0,8.0,26.0,1.0,3.0,3.0,31.0,0.0,0.0,0.0,0.0,14.7,3.8
Joshua Kelley,2021,LAC,RB,24,10,0.0,0.0,0.0,0.0,0.0,33.0,102.0,0.0,6.0,5.0,38.0,0.0,1.0,0.0,0.0,17.0,64.8
Marlon Mack,2021,IND,RB,25,6,0.0,0.0,0.0,0.0,0.0,28.0,101.0,0.0,5.0,2.0,8.0,0.0,0.0,0.0,0.0,12.9,38.3
Benny Snell Jr.,2021,PIT,RB,23,17,0.0,0.0,0.0,0.0,0.0,36.0,98.0,0.0,4.0,2.0,13.0,0.0,0.0,0.0,0.0,13.1,18.7
Deon Jackson,2021,IND,RB,22,9,0.0,0.0,0.0,0.0,0.0,13.0,31.0,1.0,0.0,0.0,0.0,0.0,0.0,0.0,0.0,9.1,84.5
Keith Smith,2021,ATL,FB,29,17,0.0,0.0,0.0,0.0,0.0,9.0,31.0,0.0,10.0,9.0,56.0,0.0,0.0,0.0,0.0,17.7,2.0
Alex Armah,2021,2TM,FB,27,11,0.0,0.0,0.0,0.0,0.0,5.0,21.0,0.0,1.0,1.0,1.0,1.0,0.0,0.0,0.0,9.2,0.0
Chris Myarick,2021,NYG,FB,26,8,0.0,0.0,0.0,0.0,0.0,0.0,0.0,0.0,6.0,3.0,17.0,1.0,0.0,0.0,0.0,10.7,19.5
Jonathan Ward,2021,ARI,RB,24,13,0.0,0.0,0.0,0.0,0.0,9.0,33.0,0.0,4.0,3.0,34.0,0.0,0.0,0.0,0.0,9.7,5.2
Mike Boone,2021,DEN,RB,26,8,0.0,0.0,0.0,0.0,0.0,4.0,35.0,0.0,2.0,2.0,22.0,0.0,0.0,0.0,0.0,7.7,28.8
Trayveon Williams,2021,CIN,RB,24,5,0.0,0.0,0.0,0.0,0.0,15.0,51.0,0.0,2.0,1.0,4.0,0.0,0.0,0.0,0.0,6.5,8.0
Jakob Johnson,2021,NWE,FB,27,17,0.0,0.0,0.0,0.0,0.0,0.0,0.0,0.0,5.0,4.0,43.0,0.0,0.0,0.0,0.0,8.3,6.0
Reggie Gilliam,2021,BUF,FB,24,16,0.0,0.0,0.0,0.0,0.0,3.0,3.0,0.0,5.0,3.0,23.0,0.0,0.0,0.0,0.0,5.6,20.9
Kylin Hill,2021,GNB,RB,23,8,0.0,0.0,0.0,0.0,0.0,10.0,24.0,0.0,2.0,1.0,5.0,0.0,0.0,0.0,0.0,3.9,0.7
La'Mical Perine,2021,NYJ,RB,23,4,0.0,0.0,0.0,0.0,0.0,8.0,31.0,0.0,0.0,0.0,0.0,0.0,0.0,0.0,0.0,3.1,14.0
Dwayne Washington,2021,NOR,RB,27,14,0.0,0.0,0.0,0.0,0.0,4.0,16.0,0.0,2.0,2.0,12.0,0.0,0.0,0.0,0.0,4.8,5.5
Nick Bawden,2021,NYJ,FB,25,9,0.0,0.0,0.0,0.0,0.0,0.0,0.0,0.0,1.0,1.0,20.0,0.0,0.0,0.0,0.0,3.0,11.5
Reggie Bonnafon,2021,CAR,RB,25,4,0.0,0.0,0.0,0.0,0.0,1.0,4.0,0.0,2.0,2.0,12.0,0.0,0.0,0.0,0.0,3.6,0.8
Darrynton Evans,2021,TEN,RB,23,1,0.0,0.0,0.0,0.0,0.0,2.0,7.0,0.0,2.0,2.0,11.0,0.0,0.0,0.0,0.0,3.8,10.7
Raheem Mostert,2021,SFO,RB,29,1,0.0,0.0,0.0,0.0,0.0,2.0,20.0,0.0,0.0,0.0,0.0,0.0,0.0,0.0,0.0,2.0,168.3
Adam Prentice,2021,NOR,FB,24,7,0.0,0.0,0.0,0.0,0.0,3.0,5.0,0.0,3.0,3.0,16.0,0.0,0.0,0.0,0.0,5.1,4.8
Derek Watt,2021,PIT,FB,29,17,0.0,0.0,0.0,0.0,0.0,1.0,1.0,0.0,3.0,3.0,15.0,0.0,0.0,0.0,0.0,4.6,20.2
Cam Akers,2021,LAR,RB,22,1,0.0,0.0,0.0,0.0,0.0,5.0,3.0,0.0,3.0,3.0,10.0,0.0,0.0,0.0,0.0,4.3,141.3
Gary Brightwell,2021,NYG,RB,22,13,0.0,0.0,0.0,0.0,0.0,1.0,4.0,0.0,1.0,1.0,6.0,0.0,0.0,0.0,0.0,2.0,29.0
Jake Funk,2021,LAR,RB,23,10,0.0,0.0,0.0,0.0,0.0,2.0,5.0,0.0,0.0,0.0,0.0,0.0,0.0,0.0,0.0,0.5,0.0
John Kelly,2021,CLE,RB,25,4,0.0,0.0,0.0,0.0,0.0,2.0,13.0,0.0,0.0,0.0,0.0,0.0,0.0,0.0,0.0,1.3,0.0
Anthony McFarland Jr.,2021,PIT,RB,23,2,0.0,0.0,0.0,0.0,0.0,3.0,3.0,0.0,1.0,1.0,11.0,0.0,0.0,0.0,0.0,2.4,6.1
Nick Bellore,2021,SEA,FB,32,17,0.0,0.0,0.0,0.0,0.0,0.0,0.0,0.0,1.0,1.0,4.0,0.0,0.0,0.0,0.0,1.4,0.3
Spencer Brown,2021,CAR,RB,23,4,0.0,0.0,0.0,0.0,0.0,0.0,0.0,0.0,0.0,0.0,0.0,0.0,0.0,0.0,0.0,0.0,7.3
Tory Carter,2021,TEN,FB,22,8,0.0,0.0,0.0,0.0,0.0,0.0,0.0,0.0,0.0,0.0,0.0,0.0,0.0,0.0,0.0,0.0,0.0
Josh Johnson,2021,SEA,RB,24,3,0.0,0.0,0.0,0.0,0.0,0.0,0.0,0.0,0.0,0.0,0.0,0.0,0.0,0.0,0.0,0.0,0.7
Taiwan Jones,2021,BUF,RB,33,17,0.0,0.0,0.0,0.0,0.0,0.0,0.0,0.0,0.0,0.0,0.0,0.0,0.0,0.0,0.0,0.0,-2.0
Devine Ozigbo,2021,2TM,RB,25,3,0.0,0.0,0.0,0.0,0.0,1.0,-3.0,0.0,1.0,1.0,7.0,0.0,0.0,0.0,0.0,1.4,1.7
Giovanni Ricci,2021,CAR,FB,25,16,0.0,0.0,0.0,0.0,0.0,0.0,0.0,0.0,2.0,0.0,0.0,0.0,0.0,0.0,0.0,0.0,18.0
Jordan Wilkins,2021,2TM,RB,27,5,0.0,0.0,0.0,0.0,0.0,0.0,0.0,0.0,0.0,0.0,0.0,0.0,0.0,0.0,0.0,0.0,14.7
Avery Williams,2021,ATL,RB,23,15,0.0,0.0,0.0,0.0,0.0,0.0,0.0,0.0,0.0,0.0,0.0,0.0,0.0,0.0,0.0,0.0,34.0
Khari Blasingame,2021,TEN,FB,25,11,0.0,0.0,0.0,0.0,0.0,3.0,6.0,0.0,2.0,2.0,4.0,0.0,1.0,0.0,0.0,1.0,0.0
Trenton Cannon,2021,2TM,RB,27,12,0.0,0.0,0.0,0.0,0.0,3.0,4.0,0.0,0.0,0.0,0.0,0.0,1.0,0.0,0.0,-1.6,0.0
Josh Jacobs,2022,LVR,RB,24,17,0.0,0.0,0.0,0.0,0.0,340.0,1653.0,12.0,64.0,53.0,400.0,0.0,1.0,0.0,0.0,328.3,181.1
Christian McCaffrey,2022,2TM,RB,26,17,1.0,1.0,34.0,1.0,0.0,244.0,1139.0,8.0,108.0,85.0,741.0,5.0,0.0,0.0,0.0,356.4,391.3
Derrick Henry,2022,TEN,RB,28,16,2.0,2.0,4.0,1.0,0.0,349.0,1538.0,13.0,41.0,33.0,398.0,0.0,3.0,0.0,0.0,302.8,246.7
Austin Ekeler,2022,LAC,RB,27,17,0.0,0.0,0.0,0.0,0.0,204.0,915.0,13.0,127.0,107.0,722.0,5.0,3.0,0.0,0.0,372.7,185.4
Nick Chubb,2022,CLE,RB,27,17,0.0,0.0,0.0,0.0,0.0,302.0,1525.0,12.0,37.0,27.0,239.0,1.0,1.0,1.0,0.0,281.4,23.1
Saquon Barkley,2022,NYG,RB,25,16,0.0,0.0,0.0,0.0,0.0,295.0,1312.0,10.0,76.0,57.0,338.0,0.0,0.0,1.0,0.0,284.0,223.2
Jamaal Williams,2022,DET,RB,27,17,0.0,0.0,0.0,0.0,0.0,262.0,1066.0,17.0,16.0,12.0,73.0,0.0,2.0,1.0,0.0,225.9,60.8
Tony Pollard,2022,DAL,RB,25,16,0.0,0.0,0.0,0.0,0.0,193.0,1007.0,9.0,55.0,39.0,371.0,3.0,0.0,0.0,0.0,248.8,222.6
Dalvin Cook,2022,MIN,RB,27,17,0.0,0.0,0.0,0.0,0.0,264.0,1173.0,8.0,56.0,39.0,295.0,2.0,4.0,0.0,0.0,237.8,40.2
Miles Sanders,2022,PHI,RB,25,17,0.0,0.0,0.0,0.0,0.0,259.0,1269.0,11.0,26.0,20.0,78.0,0.0,2.0,0.0,0.0,216.7,87.6
Aaron Jones,2022,GNB,RB,28,17,0.0,0.0,0.0,0.0,0.0,213.0,1121.0,2.0,72.0,59.0,395.0,5.0,3.0,1.0,0.0,248.6,134.9
Najee Harris,2022,PIT,RB,24,17,1.0,1.0,4.0,0.0,0.0,272.0,1034.0,7.0,53.0,41.0,229.0,3.0,2.0,0.0,0.0,223.5,195.5
Rhamondre Stevenson,2022,NWE,RB,24,17,0.0,0.0,0.0,0.0,0.0,210.0,1040.0,5.0,88.0,69.0,421.0,1.0,1.0,0.0,0.0,249.1,145.7
Joe Mixon,2022,CIN,RB,26,14,0.0,0.0,0.0,0.0,0.0,210.0,814.0,7.0,75.0,60.0,441.0,2.0,0.0,0.0,0.0,239.5,267.0
Kenneth Walker III,2022,SEA,RB,22,15,0.0,0.0,0.0,0.0,0.0,228.0,1050.0,9.0,35.0,27.0,165.0,0.0,0.0,0.0,0.0,202.5,199.4
Travis Etienne,2022,JAX,RB,23,17,0.0,0.0,0.0,0.0,0.0,220.0,1125.0,5.0,45.0,35.0,316.0,0.0,3.0,1.0,0.0,205.1,282.4
Ezekiel Elliott,2022,DAL,RB,27,15,0.0,0.0,0.0,0.0,0.0,231.0,876.0,12.0,23.0,17.0,92.0,0.0,0.0,0.0,0.0,185.8,174.5
Alvin Kamara,2022,NOR,RB,27,15,0.0,0.0,0.0,0.0,0.0,223.0,897.0,2.0,77.0,57.0,490.0,2.0,4.0,0.0,0.0,211.7,233.0
James Conner,2022,ARI,RB,27,13,0.0,0.0,0.0,0.0,0.0,183.0,782.0,7.0,58.0,46.0,300.0,1.0,1.0,0.0,0.0,200.2,201.5
Leonard Fournette,2022,TAM,RB,27,16,0.0,1.0,0.0,0.0,1.0,189.0,668.0,3.0,83.0,73.0,523.0,3.0,0.0,0.0,0.0,226.1,4.0
David Montgomery,2022,CHI,RB,25,16,0.0,0.0,0.0,0.0,0.0,201.0,801.0,5.0,40.0,34.0,316.0,1.0,2.0,0.0,0.0,177.7,207.2
D'Andre Swift,2022,DET,RB,23,14,0.0,0.0,0.0,0.0,0.0,99.0,542.0,5.0,70.0,48.0,389.0,3.0,0.0,1.0,0.0,191.1,199.3
Tyler Allgeier,2022,ATL,RB,22,16,0.0,0.0,0.0,0.0,0.0,210.0,1035.0,3.0,17.0,16.0,139.0,1.0,0.0,1.0,0.0,159.4,137.6
AJ Dillon,2022,GNB,RB,24,17,0.0,0.0,0.0,0.0,0.0,186.0,770.0,7.0,43.0,28.0,206.0,0.0,0.0,0.0,0.0,167.6,117.6
Jerick McKinnon,2022,KAN,RB,30,17,0.0,0.0,0.0,0.0,0.0,72.0,291.0,1.0,71.0,56.0,512.0,9.0,1.0,1.0,0.0,196.3,84.4
Devin Singletary,2022,BUF,RB,25,16,0.0,0.0,0.0,0.0,0.0,177.0,819.0,5.0,52.0,38.0,280.0,1.0,3.0,0.0,0.0,177.9,167.3
Raheem Mostert,2022,MIA,RB,30,16,0.0,0.0,0.0,0.0,0.0,181.0,891.0,3.0,42.0,31.0,202.0,2.0,1.0,0.0,0.0,168.3,267.7
Jeff Wilson,2022,2TM,RB,27,16,0.0,0.0,0.0,0.0,0.0,176.0,860.0,5.0,37.0,22.0,185.0,1.0,2.0,0.0,0.0,158.5,41.3
Dameon Pierce,2022,HOU,RB,22,13,0.0,0.0,0.0,0.0,0.0,220.0,939.0,4.0,39.0,30.0,165.0,1.0,2.0,0.0,0.0,166.4,82.7
Cordarrelle Patterson,2022,ATL,RB,31,13,0.0,0.0,0.0,0.0,0.0,144.0,695.0,8.0,31.0,21.0,122.0,0.0,1.0,0.0,0.0,154.7,36.9
Cam Akers,2022,LAR,RB,23,15,0.0,0.0,0.0,0.0,0.0,188.0,786.0,7.0,18.0,13.0,117.0,0.0,2.0,0.0,0.0,141.3,46.7
Latavius Murray,2022,2TM,RB,32,13,0.0,0.0,0.0,0.0,0.0,171.0,760.0,6.0,35.0,27.0,132.0,0.0,0.0,1.0,0.0,154.2,82.9
D'Onta Foreman,2022,CAR,RB,26,17,0.0,0.0,0.0,0.0,0.0,203.0,914.0,5.0,9.0,5.0,26.0,0.0,0.0,1.0,0.0,131.0,91.2
Isiah Pacheco,2022,KAN,RB,23,17,0.0,0.0,0.0,0.0,0.0,170.0,830.0,5.0,14.0,13.0,130.0,0.0,2.0,0.0,0.0,135.0,213.9
Antonio Gibson,2022,WAS,RB,24,15,0.0,0.0,0.0,0.0,0.0,149.0,546.0,3.0,58.0,46.0,353.0,2.0,0.0,0.0,0.0,165.9,127.4
Jonathan Taylor,2022,IND,RB,23,11,0.0,0.0,0.0,0.0,0.0,192.0,861.0,4.0,40.0,28.0,143.0,0.0,3.0,0.0,0.0,146.4,156.4
Khalil Herbert,2022,CHI,RB,24,13,0.0,0.0,0.0,0.0,0.0,129.0,731.0,4.0,12.0,9.0,57.0,1.0,0.0,0.0,0.0,117.8,112.5
Samaje Perine,2022,CIN,RB,27,16,0.0,0.0,0.0,0.0,0.0,95.0,394.0,2.0,51.0,38.0,287.0,4.0,0.0,0.0,0.0,142.1,121.3
Brian Robinson Jr.,2022,WAS,RB,23,12,0.0,0.0,0.0,0.0,0.0,205.0,797.0,2.0,12.0,9.0,60.0,1.0,0.0,0.0,0.0,112.7,198.1
Breece Hall,2022,NYJ,RB,21,7,0.0,0.0,0.0,0.0,0.0,80.0,463.0,4.0,31.0,19.0,218.0,1.0,1.0,0.0,0.0,115.1,290.5
Kareem Hunt,2022,CLE,RB,27,17,0.0,0.0,0.0,0.0,0.0,123.0,468.0,3.0,44.0,35.0,210.0,1.0,0.0,0.0,0.0,126.8,118.5
Rachaad White,2022,TAM,RB,23,17,0.0,0.0,0.0,0.0,0.0,129.0,481.0,1.0,58.0,50.0,290.0,2.0,3.0,0.0,0.0,139.1,267.9
Kenyan Drake,2022,BAL,RB,28,12,0.0,0.0,0.0,0.0,0.0,109.0,482.0,4.0,26.0,17.0,89.0,1.0,0.0,0.0,0.0,104.1,3.1
Michael Carter,2022,NYJ,RB,23,16,0.0,0.0,0.0,0.0,0.0,114.0,402.0,3.0,54.0,41.0,288.0,0.0,1.0,0.0,0.0,126.0,58.8
James Cook,2022,BUF,RB,23,16,0.0,0.0,0.0,0.0,0.0,89.0,507.0,2.0,32.0,21.0,180.0,1.0,1.0,0.0,0.0,105.7,232.7
Clyde Edwards-Helaire,2022,KAN,RB,23,10,0.0,0.0,0.0,0.0,0.0,71.0,302.0,3.0,23.0,17.0,151.0,3.0,0.0,0.0,0.0,98.3,70.1
James Robinson,2022,2TM,RB,24,11,0.0,0.0,0.0,0.0,0.0,110.0,425.0,3.0,14.0,11.0,51.0,2.0,0.0,0.0,0.0,88.6,1.0
J.K. Dobbins,2022,BAL,RB,24,8,0.0,0.0,0.0,0.0,0.0,92.0,520.0,2.0,8.0,7.0,42.0,1.0,0.0,0.0,0.0,81.2,11.7
Damien Harris,2022,NWE,RB,25,11,0.0,0.0,0.0,0.0,0.0,106.0,462.0,3.0,23.0,17.0,97.0,0.0,0.0,0.0,0.0,90.9,19.0
Chuba Hubbard,2022,CAR,RB,23,15,0.0,0.0,0.0,0.0,0.0,95.0,466.0,2.0,17.0,14.0,171.0,0.0,1.0,0.0,0.0,87.7,182.5
Alexander Mattison,2022,MIN,RB,24,17,0.0,0.0,0.0,0.0,0.0,74.0,283.0,5.0,18.0,15.0,91.0,1.0,0.0,0.0,0.0,88.4,133.2
Kenneth Gainwell,2022,PHI,RB,23,17,0.0,0.0,0.0,0.0,0.0,53.0,240.0,4.0,29.0,23.0,169.0,0.0,0.0,0.0,0.0,87.9,97.4
Jaylen Warren,2022,PIT,RB,24,16,0.0,0.0,0.0,0.0,0.0,77.0,379.0,1.0,33.0,28.0,214.0,0.0,0.0,0.0,0.0,93.3,196.4
Melvin Gordon,2022,DEN,RB,29,10,0.0,0.0,0.0,0.0,0.0,90.0,318.0,2.0,32.0,25.0,223.0,0.0,2.0,0.0,0.0,87.1,19.7
Gus Edwards,2022,BAL,RB,27,9,0.0,0.0,0.0,0.0,0.0,87.0,433.0,3.0,2.0,0.0,0.0,0.0,1.0,0.0,0.0,59.3,187.0
Chase Edmonds,2022,2TM,RB,26,13,0.0,0.0,0.0,0.0,0.0,68.0,245.0,2.0,24.0,16.0,157.0,1.0,0.0,0.0,0.0,74.2,39.7
Darrell Henderson,2022,LAR,RB,25,10,0.0,0.0,0.0,0.0,0.0,70.0,283.0,3.0,22.0,17.0,102.0,0.0,0.0,0.0,0.0,73.5,43.5
Deon Jackson,2022,IND,RB,23,16,0.0,0.0,0.0,0.0,0.0,68.0,236.0,1.0,34.0,30.0,209.0,1.0,1.0,0.0,0.0,84.5,4.0
Zack Moss,2022,2TM,RB,25,13,0.0,0.0,0.0,0.0,0.0,93.0,456.0,1.0,13.0,11.0,39.0,0.0,1.0,0.0,0.0,64.5,169.6
Joshua Kelley,2022,LAC,RB,25,13,0.0,0.0,0.0,0.0,0.0,69.0,287.0,2.0,25.0,14.0,101.0,0.0,0.0,0.0,0.0,64.8,61.7
Jamycal Hasty,2022,JAX,RB,26,17,0.0,0.0,0.0,0.0,0.0,46.0,194.0,2.0,26.0,20.0,126.0,1.0,0.0,0.0,0.0,70.0,0.0
Rashaad Penny,2022,SEA,RB,26,5,0.0,0.0,0.0,0.0,0.0,57.0,346.0,2.0,5.0,4.0,16.0,0.0,0.0,0.0,0.0,52.2,4.8
Zonovan Knight,2022,NYJ,RB,21,7,0.0,0.0,0.0,0.0,0.0,85.0,300.0,1.0,14.0,13.0,100.0,0.0,0.0,0.0,0.0,59.0,3.1
Elijah Mitchell,2022,SFO,RB,24,5,0.0,0.0,0.0,0.0,0.0,45.0,279.0,2.0,4.0,3.0,7.0,0.0,0.0,0.0,0.0,43.6,47.5
Boston Scott,2022,PHI,RB,27,15,0.0,0.0,0.0,0.0,0.0,54.0,217.0,3.0,6.0,5.0,15.0,0.0,0.0,0.0,0.0,46.2,15.8
Matt Breida,2022,NYG,RB,27,17,0.0,0.0,0.0,0.0,0.0,54.0,220.0,1.0,25.0,20.0,118.0,0.0,0.0,0.0,0.0,59.8,46.9
Kyle Juszczyk,2022,SFO,FB,31,16,0.0,0.0,0.0,0.0,0.0,7.0,26.0,1.0,23.0,19.0,200.0,1.0,0.0,0.0,0.0,53.6,38.5
Raheem Blackshear,2022,CAR,RB,23,13,0.0,0.0,0.0,0.0,0.0,23.0,77.0,3.0,12.0,10.0,93.0,0.0,1.0,0.0,0.0,43.0,17.1
Jordan Mason,2022,SFO,RB,23,16,0.0,0.0,0.0,0.0,0.0,43.0,258.0,1.0,0.0,0.0,0.0,0.0,0.0,0.0,0.0,31.8,44.7
Ty Johnson,2022,NYJ,RB,25,17,0.0,0.0,0.0,0.0,0.0,30.0,160.0,1.0,24.0,12.0,88.0,0.0,0.0,0.0,0.0,42.8,32.4
Justice Hill,2022,BAL,RB,25,15,0.0,0.0,0.0,0.0,0.0,49.0,262.0,0.0,12.0,12.0,58.0,0.0,1.0,0.0,0.0,42.0,109.3
Ameer Abdullah,2022,LVR,RB,29,17,0.0,0.0,0.0,0.0,0.0,4.0,20.0,0.0,32.0,25.0,211.0,1.0,0.0,0.0,0.0,54.1,41.0
DeeJay Dallas,2022,SEA,RB,24,15,0.0,1.0,0.0,0.0,1.0,35.0,186.0,0.0,19.0,17.0,126.0,0.0,0.0,0.0,0.0,46.2,8.2
Dare Ogunbowale,2022,HOU,RB,28,17,0.0,0.0,0.0,0.0,0.0,42.0,123.0,1.0,26.0,20.0,104.0,0.0,0.0,0.0,0.0,48.7,10.3
Malik Davis,2022,DAL,RB,24,12,0.0,0.0,0.0,0.0,0.0,38.0,161.0,1.0,7.0,6.0,63.0,0.0,0.0,0.0,0.0,34.4,0.0
Travis Homer,2022,SEA,RB,24,10,0.0,0.0,0.0,0.0,0.0,19.0,74.0,0.0,18.0,16.0,157.0,1.0,1.0,0.0,0.0,43.1,0.0
Javonte Williams,2022,DEN,RB,22,4,0.0,0.0,0.0,0.0,0.0,47.0,204.0,0.0,22.0,16.0,76.0,0.0,1.0,0.0,0.0,42.0,179.2
Gary Brightwell,2022,NYG,RB,23,17,0.0,0.0,0.0,0.0,0.0,31.0,141.0,1.0,8.0,5.0,39.0,0.0,0.0,0.0,0.0,29.0,11.6
Alec Ingold,2022,MIA,FB,26,17,0.0,0.0,0.0,0.0,0.0,6.0,8.0,1.0,23.0,15.0,105.0,1.0,0.0,0.0,0.0,38.3,24.9
Craig Reynolds,2022,DET,RB,26,9,0.0,0.0,0.0,0.0,0.0,23.0,102.0,0.0,10.0,9.0,116.0,0.0,0.0,0.0,0.0,30.8,29.6
Kyren Williams,2022,LAR,RB,22,10,0.0,0.0,0.0,0.0,0.0,35.0,139.0,0.0,12.0,9.0,76.0,0.0,0.0,0.0,0.0,30.5,255.0
C.J. Ham,2022,MIN,FB,29,17,0.0,0.0,0.0,0.0,0.0,4.0,7.0,2.0,12.0,10.0,86.0,0.0,0.0,0.0,0.0,31.3,10.2
Avery Williams,2022,ATL,RB,24,17,0.0,0.0,0.0,0.0,0.0,22.0,109.0,1.0,14.0,13.0,61.0,0.0,1.0,0.0,0.0,34.0,0.0
Mike Boone,2022,DEN,RB,27,9,0.0,0.0,0.0,0.0,0.0,24.0,102.0,0.0,15.0,9.0,96.0,0.0,0.0,0.0,0.0,28.8,5.9
Pierre Strong,2022,NWE,RB,24,15,0.0,0.0,0.0,0.0,0.0,10.0,100.0,1.0,7.0,7.0,42.0,0.0,0.0,0.0,0.0,27.2,42.8
Jonathan Williams,2022,WAS,RB,28,13,0.0,0.0,0.0,0.0,0.0,37.0,152.0,0.0,10.0,7.0,40.0,0.0,0.0,0.0,0.0,26.2,-0.2
Brandon Bolden,2022,LVR,RB,32,16,0.0,0.0,0.0,0.0,0.0,17.0,66.0,0.0,9.0,9.0,57.0,1.0,0.0,0.0,0.0,27.3,11.1
Corey Clement,2022,ARI,RB,28,9,0.0,0.0,0.0,0.0,0.0,15.0,55.0,1.0,7.0,5.0,54.0,0.0,0.0,0.0,0.0,21.9,0.0
Hassan Haskins,2022,TEN,RB,23,15,0.0,0.0,0.0,0.0,0.0,25.0,93.0,0.0,12.0,11.0,57.0,0.0,0.0,0.0,0.0,26.0,32.8
Keaontay Ingram,2022,ARI,RB,23,12,0.0,0.0,0.0,0.0,0.0,27.0,60.0,1.0,5.0,4.0,21.0,0.0,0.0,0.0,0.0,18.1,14.0
Salvon Ahmed,2022,MIA,RB,24,12,0.0,0.0,0.0,0.0,0.0,12.0,64.0,1.0,1.0,1.0,8.0,0.0,0.0,0.0,0.0,14.2,42.9
Royce Freeman,2022,HOU,RB,26,4,0.0,0.0,0.0,0.0,0.0,41.0,117.0,0.0,8.0,6.0,33.0,0.0,1.0,0.0,0.0,19.0,46.2
Reggie Gilliam,2022,BUF,FB,25,15,0.0,0.0,0.0,0.0,0.0,0.0,0.0,0.0,10.0,8.0,69.0,1.0,0.0,0.0,0.0,20.9,1.3
Kevin Harris,2022,NWE,RB,22,5,0.0,0.0,0.0,0.0,0.0,18.0,52.0,1.0,0.0,0.0,0.0,0.0,0.0,0.0,0.0,11.2,21.3
Tyrion Davis-Price,2022,SFO,RB,22,6,0.0,0.0,0.0,0.0,0.0,34.0,99.0,0.0,2.0,0.0,0.0,0.0,0.0,0.0,0.0,9.9,2.1
Chris Evans,2022,CIN,RB,25,12,0.0,0.0,0.0,0.0,0.0,0.0,0.0,0.0,4.0,3.0,38.0,1.0,0.0,0.0,0.0,12.8,2.1
Darrynton Evans,2022,CHI,RB,24,6,0.0,0.0,0.0,0.0,0.0,14.0,64.0,0.0,1.0,1.0,33.0,0.0,0.0,0.0,0.0,10.7,30.0
Kene Nwangwu,2022,MIN,RB,24,17,0.0,0.0,0.0,0.0,0.0,9.0,14.0,0.0,2.0,2.0,21.0,0.0,0.0,0.0,0.0,11.5,1.3
Giovanni Ricci,2022,CAR,FB,26,15,0.0,0.0,0.0,0.0,0.0,0.0,0.0,0.0,9.0,8.0,100.0,0.0,0.0,0.0,0.0,18.0,1.2
Patrick Ricard,2022,BAL,FB,28,17,0.0,0.0,0.0,0.0,0.0,7.0,16.0,0.0,13.0,11.0,74.0,0.0,0.0,0.0,0.0,20.0,16.2
Tyler Badie,2022,DEN,RB,22,1,0.0,0.0,0.0,0.0,0.0,1.0,0.0,0.0,1.0,1.0,24.0,1.0,0.0,0.0,0.0,9.4,9.4
Jaret Patterson,2022,WAS,RB,23,3,0.0,0.0,0.0,0.0,0.0,17.0,78.0,0.0,1.0,0.0,0.0,0.0,0.0,0.0,0.0,7.8,0.0
Ke'Shawn Vaughn,2022,TAM,RB,25,15,0.0,0.0,0.0,0.0,0.0,17.0,53.0,0.0,4.0,3.0,19.0,0.0,0.0,0.0,0.0,10.2,6.4
Zamir White,2022,LVR,RB,23,14,0.0,0.0,0.0,0.0,0.0,17.0,70.0,0.0,0.0,0.0,0.0,0.0,0.0,0.0,0.0,7.0,73.9
Trayveon Williams,2022,CIN,RB,25,8,0.0,0.0,0.0,0.0,0.0,6.0,30.0,0.0,3.0,2.0,30.0,0.0,0.0,0.0,0.0,8.0,14.9
Julius Chestnut,2022,TEN,RB,22,6,0.0,0.0,0.0,0.0,0.0,9.0,12.0,0.0,3.0,3.0,41.0,0.0,0.0,0.0,0.0,8.3,0.0
Myles Gaskin,2022,MIA,RB,25,4,0.0,0.0,0.0,0.0,0.0,10.0,26.0,0.0,6.0,4.0,28.0,0.0,0.0,0.0,0.0,9.4,0.0
Tony Jones,2022,2TM,RB,25,6,0.0,0.0,0.0,0.0,0.0,10.0,24.0,0.0,8.0,5.0,30.0,0.0,0.0,0.0,0.0,10.4,32.2
Ronnie Rivers,2022,LAR,RB,23,8,0.0,0.0,0.0,0.0,0.0,9.0,21.0,0.0,5.0,5.0,29.0,0.0,0.0,0.0,0.0,10.0,20.1
Isaiah Spiller,2022,LAC,RB,21,6,0.0,0.0,0.0,0.0,0.0,18.0,41.0,0.0,3.0,3.0,13.0,0.0,0.0,0.0,0.0,8.4,19.0
Patrick Taylor,2022,GNB,RB,24,14,0.0,0.0,0.0,0.0,0.0,10.0,31.0,0.0,1.0,1.0,17.0,0.0,0.0,0.0,0.0,5.8,30.0
Dwayne Washington,2022,NOR,RB,28,12,0.0,0.0,0.0,0.0,0.0,11.0,38.0,0.0,1.0,1.0,7.0,0.0,0.0,0.0,0.0,5.5,0.0
Anthony McFarland Jr.,2022,PIT,RB,24,1,0.0,0.0,0.0,0.0,0.0,6.0,30.0,0.0,2.0,2.0,11.0,0.0,0.0,0.0,0.0,6.1,3.1
Jonathan Ward,2022,2TM,RB,25,8,0.0,0.0,0.0,0.0,0.0,5.0,25.0,0.0,3.0,2.0,7.0,0.0,0.0,0.0,0.0,5.2,1.1
Michael Burton,2022,KAN,FB,30,17,0.0,0.0,0.0,0.0,0.0,5.0,7.0,0.0,3.0,2.0,11.0,0.0,0.0,0.0,0.0,3.8,6.7
Ty Chandler,2022,MIN,RB,24,3,0.0,0.0,0.0,0.0,0.0,6.0,20.0,0.0,0.0,0.0,0.0,0.0,0.0,0.0,0.0,2.0,101.0
Troy Hairston,2022,HOU,FB,24,16,0.0,0.0,0.0,0.0,0.0,0.0,0.0,0.0,8.0,5.0,19.0,0.0,0.0,0.0,0.0,6.9,0.0
D'Ernest Johnson,2022,CLE,RB,26,15,0.0,0.0,0.0,0.0,0.0,4.0,17.0,0.0,3.0,3.0,7.0,0.0,0.0,0.0,0.0,5.4,34.8
Adam Prentice,2022,NOR,FB,25,11,0.0,0.0,0.0,0.0,0.0,4.0,9.0,0.0,3.0,3.0,9.0,0.0,0.0,0.0,0.0,4.8,2.4
Trey Sermon,2022,PHI,RB,23,2,0.0,0.0,0.0,0.0,0.0,2.0,19.0,0.0,0.0,0.0,0.0,0.0,0.0,0.0,0.0,1.9,20.3
J.J. Taylor,2022,NWE,RB,24,1,0.0,0.0,0.0,0.0,0.0,10.0,9.0,0.0,1.0,1.0,8.0,0.0,0.0,0.0,0.0,2.7,6.4
Jason Cabinda,2022,DET,FB,26,8,0.0,0.0,0.0,0.0,0.0,1.0,4.0,0.0,4.0,1.0,5.0,0.0,0.0,0.0,0.0,1.9,0.0
Jerome Ford,2022,CLE,RB,23,13,0.0,0.0,0.0,0.0,0.0,8.0,12.0,0.0,0.0,0.0,0.0,0.0,0.0,0.0,0.0,1.2,211.2
Godwin Igwebuike,2022,SEA,RB,28,5,0.0,0.0,0.0,0.0,0.0,3.0,4.0,0.0,1.0,1.0,3.0,0.0,0.0,0.0,0.0,1.7,0.0
Jakob Johnson,2022,LVR,FB,28,17,0.0,0.0,0.0,0.0,0.0,0.0,0.0,0.0,6.0,5.0,10.0,0.0,0.0,0.0,0.0,6.0,2.2
Devine Ozigbo,2022,DEN,RB,26,4,0.0,0.0,0.0,0.0,0.0,3.0,4.0,0.0,1.0,1.0,3.0,0.0,0.0,0.0,0.0,1.7,2.3
Keith Smith,2022,ATL,FB,30,17,0.0,0.0,0.0,0.0,0.0,1.0,2.0,0.0,2.0,1.0,8.0,0.0,0.0,0.0,0.0,2.0,6.3
Alex Armah,2022,WAS,RB,28,2,0.0,0.0,0.0,0.0,0.0,0.0,0.0,0.0,0.0,0.0,0.0,0.0,0.0,0.0,0.0,0.0,4.3
Nick Bellore,2022,SEA,FB,33,16,0.0,0.0,0.0,0.0,0.0,1.0,3.0,0.0,0.0,0.0,0.0,0.0,0.0,0.0,0.0,0.3,0.0
Khari Blasingame,2022,CHI,FB,26,16,0.0,0.0,0.0,0.0,0.0,0.0,0.0,0.0,1.0,0.0,0.0,0.0,0.0,0.0,0.0,0.0,5.8
Rico Dowdle,2022,DAL,RB,24,5,0.0,0.0,0.0,0.0,0.0,0.0,0.0,0.0,0.0,0.0,0.0,0.0,0.0,0.0,0.0,0.0,91.5
Jake Funk,2022,2TM,RB,24,6,0.0,0.0,0.0,0.0,0.0,0.0,0.0,0.0,0.0,0.0,0.0,0.0,0.0,0.0,0.0,0.0,3.2
John Kelly,2022,CLE,RB,26,1,0.0,0.0,0.0,0.0,0.0,0.0,0.0,0.0,0.0,0.0,0.0,0.0,0.0,0.0,0.0,0.0,0.0
Qadree Ollison,2022,DAL,RB,26,3,0.0,0.0,0.0,0.0,0.0,0.0,0.0,0.0,0.0,0.0,0.0,0.0,0.0,0.0,0.0,0.0,0.0
Jake Tonges,2022,CHI,FB,23,4,0.0,0.0,0.0,0.0,0.0,0.0,0.0,0.0,1.0,0.0,0.0,0.0,0.0,0.0,0.0,0.0,0.0
Damien Williams,2022,ATL,RB,30,1,0.0,0.0,0.0,0.0,0.0,2.0,2.0,0.0,0.0,0.0,0.0,0.0,0.0,0.0,0.0,0.2,7.5
Christian McCaffrey,2023,SFO,RB,27,16,0.0,0.0,0.0,0.0,0.0,272.0,1459.0,14.0,83.0,67.0,564.0,7.0,2.0,0.0,0.0,391.3,47.8
Raheem Mostert,2023,MIA,RB,31,15,0.0,0.0,0.0,0.0,0.0,209.0,1012.0,18.0,32.0,25.0,175.0,3.0,1.0,0.0,0.0,267.7,70.9
Travis Etienne,2023,JAX,RB,24,17,0.0,0.0,0.0,0.0,0.0,267.0,1008.0,11.0,73.0,58.0,476.0,1.0,0.0,2.0,0.0,282.4,130.2
Kyren Williams,2023,LAR,RB,23,12,0.0,0.0,0.0,0.0,0.0,228.0,1144.0,12.0,48.0,32.0,206.0,3.0,2.0,1.0,0.0,255.0,272.1
Derrick Henry,2023,TEN,RB,29,17,2.0,3.0,14.0,2.0,0.0,280.0,1167.0,12.0,36.0,28.0,214.0,0.0,0.0,0.0,0.0,246.7,336.4
Joe Mixon,2023,CIN,RB,27,17,0.0,0.0,0.0,0.0,0.0,257.0,1034.0,9.0,64.0,52.0,376.0,3.0,0.0,1.0,0.0,267.0,240.5
Breece Hall,2023,NYJ,RB,22,17,0.0,0.0,0.0,0.0,0.0,223.0,994.0,5.0,95.0,76.0,591.0,4.0,0.0,1.0,0.0,290.5,240.9
Rachaad White,2023,TAM,RB,24,17,0.0,0.0,0.0,0.0,0.0,272.0,990.0,6.0,70.0,64.0,549.0,3.0,2.0,0.0,0.0,267.9,199.6
David Montgomery,2023,DET,RB,26,14,0.0,0.0,0.0,0.0,0.0,219.0,1015.0,13.0,24.0,16.0,117.0,0.0,1.0,1.0,0.0,207.2,221.7
Jahmyr Gibbs,2023,DET,RB,21,15,0.0,0.0,0.0,0.0,0.0,182.0,945.0,10.0,71.0,52.0,316.0,1.0,1.0,0.0,0.0,242.1,362.9
James Cook,2023,BUF,RB,24,17,0.0,0.0,0.0,0.0,0.0,237.0,1122.0,2.0,54.0,44.0,445.0,4.0,2.0,0.0,0.0,232.7,266.7
Bijan Robinson,2023,ATL,RB,21,17,0.0,0.0,0.0,0.0,0.0,214.0,976.0,4.0,86.0,58.0,487.0,4.0,3.0,0.0,0.0,246.3,341.7
Saquon Barkley,2023,NYG,RB,26,14,0.0,0.0,0.0,0.0,0.0,247.0,962.0,6.0,60.0,41.0,280.0,4.0,2.0,1.0,0.0,223.2,355.3
James Conner,2023,ARI,RB,28,13,0.0,0.0,0.0,0.0,0.0,208.0,1040.0,7.0,33.0,27.0,165.0,2.0,0.0,0.0,0.0,201.5,253.8
Gus Edwards,2023,BAL,RB,28,17,0.0,0.0,0.0,0.0,0.0,198.0,810.0,13.0,13.0,12.0,180.0,0.0,2.0,1.0,0.0,187.0,64.1
Kenneth Walker III,2023,SEA,RB,23,15,0.0,0.0,0.0,0.0,0.0,219.0,905.0,8.0,37.0,29.0,259.0,1.0,0.0,0.0,0.0,199.4,181.2
Isiah Pacheco,2023,KAN,RB,24,14,0.0,0.0,0.0,0.0,0.0,205.0,935.0,7.0,49.0,44.0,244.0,2.0,1.0,0.0,0.0,213.9,56.9
Tony Pollard,2023,DAL,RB,26,17,0.0,0.0,0.0,0.0,0.0,252.0,1005.0,6.0,67.0,55.0,311.0,0.0,1.0,1.0,0.0,222.6,200.7
Jerome Ford,2023,CLE,RB,24,17,0.0,0.0,0.0,0.0,0.0,204.0,813.0,4.0,63.0,44.0,319.0,5.0,1.0,1.0,0.0,211.2,134.0
Najee Harris,2023,PIT,RB,25,17,0.0,0.0,0.0,0.0,0.0,255.0,1035.0,8.0,38.0,29.0,170.0,0.0,1.0,0.0,0.0,195.5,204.6
De'Von Achane,2023,MIA,RB,22,11,0.0,0.0,0.0,0.0,0.0,103.0,800.0,8.0,37.0,27.0,197.0,3.0,1.0,0.0,0.0,190.7,299.9
Brian Robinson Jr.,2023,WAS,RB,24,15,0.0,0.0,0.0,0.0,0.0,178.0,733.0,5.0,43.0,36.0,368.0,4.0,2.0,1.0,0.0,198.1,159.8
D'Andre Swift,2023,PHI,RB,24,16,0.0,0.0,0.0,0.0,0.0,229.0,1049.0,5.0,49.0,39.0,214.0,1.0,1.0,0.0,0.0,199.3,214.5
Alvin Kamara,2023,NOR,RB,28,13,0.0,0.0,0.0,0.0,0.0,180.0,694.0,5.0,86.0,75.0,466.0,1.0,0.0,3.0,0.0,233.0,265.3
Chuba Hubbard,2023,CAR,RB,24,17,0.0,0.0,0.0,0.0,0.0,238.0,902.0,5.0,44.0,39.0,233.0,0.0,0.0,0.0,0.0,182.5,241.6
Josh Jacobs,2023,LVR,RB,25,13,0.0,0.0,0.0,0.0,0.0,233.0,805.0,6.0,54.0,37.0,296.0,0.0,1.0,0.0,0.0,181.1,293.1
Zack Moss,2023,IND,RB,26,14,0.0,0.0,0.0,0.0,0.0,183.0,794.0,5.0,37.0,27.0,192.0,2.0,0.0,1.0,0.0,169.6,81.9
Devin Singletary,2023,HOU,RB,26,17,1.0,1.0,6.0,1.0,0.0,216.0,898.0,4.0,38.0,30.0,193.0,0.0,0.0,0.0,0.0,167.3,96.6
Jonathan Taylor,2023,IND,RB,24,10,0.0,0.0,0.0,0.0,0.0,169.0,741.0,7.0,23.0,19.0,153.0,1.0,0.0,0.0,0.0,156.4,244.7
Jaylen Warren,2023,PIT,RB,25,17,0.0,0.0,0.0,0.0,0.0,149.0,784.0,4.0,74.0,61.0,370.0,0.0,2.0,0.0,0.0,196.4,124.1
Austin Ekeler,2023,LAC,RB,28,14,0.0,0.0,0.0,0.0,0.0,179.0,628.0,5.0,74.0,51.0,436.0,1.0,4.0,0.0,0.0,185.4,132.3
Javonte Williams,2023,DEN,RB,23,16,0.0,0.0,0.0,0.0,0.0,217.0,774.0,3.0,58.0,47.0,228.0,2.0,1.0,2.0,0.0,179.2,157.9
Ezekiel Elliott,2023,NWE,RB,28,17,0.0,0.0,0.0,0.0,0.0,184.0,642.0,3.0,65.0,51.0,313.0,2.0,1.0,0.0,0.0,174.5,57.5
Tyler Allgeier,2023,ATL,RB,23,17,0.0,0.0,0.0,0.0,0.0,186.0,683.0,4.0,23.0,18.0,193.0,1.0,0.0,1.0,0.0,137.6,106.2
Rhamondre Stevenson,2023,NWE,RB,25,12,0.0,0.0,0.0,0.0,0.0,156.0,619.0,4.0,51.0,38.0,238.0,0.0,1.0,0.0,0.0,145.7,175.9
Aaron Jones,2023,GNB,RB,29,11,0.0,0.0,0.0,0.0,0.0,142.0,656.0,2.0,43.0,30.0,233.0,1.0,1.0,0.0,0.0,134.9,241.6
Kareem Hunt,2023,CLE,RB,28,15,0.0,0.0,0.0,0.0,0.0,135.0,411.0,9.0,21.0,15.0,84.0,0.0,0.0,0.0,0.0,118.5,155.4
Alexander Mattison,2023,MIN,RB,25,16,0.0,0.0,0.0,0.0,0.0,180.0,700.0,0.0,44.0,30.0,192.0,3.0,2.0,0.0,0.0,133.2,137.4
Tyjae Spears,2023,TEN,RB,22,17,0.0,0.0,0.0,0.0,0.0,100.0,453.0,2.0,70.0,52.0,385.0,1.0,0.0,0.0,0.0,153.8,113.6
Khalil Herbert,2023,CHI,RB,25,12,0.0,0.0,0.0,0.0,0.0,132.0,611.0,2.0,31.0,20.0,134.0,1.0,1.0,1.0,0.0,112.5,31.5
Justice Hill,2023,BAL,RB,26,16,0.0,0.0,0.0,0.0,0.0,84.0,387.0,3.0,39.0,28.0,206.0,1.0,1.0,0.0,0.0,109.3,127.1
Ty Chandler,2023,MIN,RB,25,17,0.0,0.0,0.0,0.0,0.0,102.0,461.0,3.0,25.0,21.0,159.0,0.0,0.0,0.0,0.0,101.0,28.4
D'Onta Foreman,2023,CHI,RB,27,9,0.0,0.0,0.0,0.0,0.0,109.0,425.0,4.0,16.0,11.0,77.0,1.0,0.0,0.0,0.0,91.2,32.6
Antonio Gibson,2023,WAS,RB,25,16,0.0,0.0,0.0,0.0,0.0,65.0,265.0,1.0,59.0,48.0,389.0,2.0,2.0,0.0,0.0,127.4,103.4
Rico Dowdle,2023,DAL,RB,25,16,0.0,0.0,0.0,0.0,0.0,89.0,361.0,2.0,22.0,17.0,144.0,2.0,0.0,0.0,0.0,91.5,197.8
Jaleel McLaughlin,2023,DEN,RB,23,17,0.0,0.0,0.0,0.0,0.0,76.0,410.0,1.0,36.0,31.0,160.0,2.0,0.0,0.0,0.0,106.0,97.2
Zach Charbonnet,2023,SEA,RB,22,16,0.0,0.0,0.0,0.0,0.0,108.0,462.0,1.0,40.0,33.0,209.0,0.0,0.0,0.0,0.0,106.1,186.9
Samaje Perine,2023,DEN,RB,28,17,0.0,0.0,0.0,0.0,0.0,53.0,238.0,1.0,56.0,50.0,455.0,0.0,2.0,0.0,0.0,121.3,81.4
Dameon Pierce,2023,HOU,RB,23,14,0.0,0.0,0.0,0.0,0.0,145.0,416.0,2.0,17.0,13.0,101.0,0.0,0.0,0.0,0.0,82.7,43.5
Roschon Johnson,2023,CHI,RB,22,15,0.0,0.0,0.0,0.0,0.0,81.0,352.0,2.0,40.0,34.0,209.0,0.0,0.0,0.0,0.0,102.1,77.4
Kenneth Gainwell,2023,PHI,RB,24,16,1.0,1.0,17.0,0.0,0.0,84.0,364.0,2.0,37.0,30.0,183.0,0.0,1.0,1.0,0.0,97.4,62.6
Keaton Mitchell,2023,BAL,RB,21,8,0.0,0.0,0.0,0.0,0.0,47.0,396.0,2.0,11.0,9.0,93.0,0.0,0.0,0.0,0.0,69.9,6.8
Miles Sanders,2023,CAR,RB,26,16,0.0,0.0,0.0,0.0,0.0,129.0,432.0,1.0,41.0,27.0,154.0,0.0,2.0,0.0,0.0,87.6,77.3
Zamir White,2023,LVR,RB,24,17,0.0,0.0,0.0,0.0,0.0,104.0,451.0,1.0,19.0,15.0,98.0,0.0,1.0,0.0,0.0,73.9,29.3
Joshua Kelley,2023,LAC,RB,26,17,0.0,0.0,0.0,0.0,0.0,107.0,405.0,2.0,12.0,8.0,32.0,0.0,1.0,0.0,0.0,61.7,0.2
Clyde Edwards-Helaire,2023,KAN,RB,24,15,0.0,0.0,0.0,0.0,0.0,70.0,223.0,1.0,22.0,17.0,188.0,1.0,0.0,0.0,0.0,70.1,10.0
Emari Demercado,2023,ARI,RB,24,14,0.0,0.0,0.0,0.0,0.0,58.0,284.0,2.0,30.0,21.0,119.0,0.0,0.0,0.0,0.0,73.3,54.7
Jamaal Williams,2023,NOR,RB,28,13,0.0,0.0,0.0,0.0,0.0,106.0,306.0,1.0,20.0,18.0,62.0,0.0,0.0,0.0,0.0,60.8,37.1
Jordan Mason,2023,SFO,RB,24,17,0.0,0.0,0.0,0.0,0.0,40.0,206.0,3.0,4.0,3.0,31.0,0.0,0.0,0.0,0.0,44.7,115.0
Chase Brown,2023,CIN,RB,23,12,0.0,0.0,0.0,0.0,0.0,44.0,179.0,0.0,15.0,14.0,156.0,1.0,0.0,0.0,0.0,53.5,255.0
Pierre Strong,2023,CLE,RB,25,17,0.0,0.0,0.0,0.0,0.0,63.0,291.0,1.0,8.0,5.0,47.0,0.0,1.0,0.0,0.0,42.8,35.2
Cam Akers,2023,2TM,RB,24,7,0.0,0.0,0.0,0.0,0.0,60.0,167.0,2.0,12.0,11.0,70.0,0.0,0.0,0.0,0.0,46.7,93.2
Chris Rodriguez,2023,WAS,RB,23,13,0.0,0.0,0.0,0.0,0.0,51.0,247.0,2.0,2.0,2.0,12.0,0.0,1.0,0.0,0.0,37.9,31.5
Michael Carter,2023,2TM,RB,24,15,0.0,0.0,0.0,0.0,0.0,30.0,187.0,0.0,31.0,24.0,101.0,1.0,0.0,0.0,0.0,58.8,35.8
Kendre Miller,2023,NOR,RB,21,8,0.0,0.0,0.0,0.0,0.0,41.0,156.0,1.0,11.0,10.0,117.0,0.0,0.0,0.0,0.0,43.3,29.1
Andrew Beck,2023,HOU,FB,27,15,0.0,0.0,0.0,0.0,0.0,5.0,3.0,1.0,13.0,11.0,55.0,2.0,1.0,0.0,0.0,38.8,0.0
Cordarrelle Patterson,2023,ATL,RB,32,14,0.0,0.0,0.0,0.0,0.0,50.0,181.0,0.0,12.0,9.0,38.0,1.0,0.0,0.0,0.0,36.9,37.5
Jeff Wilson,2023,MIA,RB,28,10,0.0,0.0,0.0,0.0,0.0,41.0,188.0,0.0,17.0,14.0,85.0,0.0,0.0,0.0,0.0,41.3,10.6
Dalvin Cook,2023,2TM,RB,28,15,0.0,0.0,0.0,0.0,0.0,67.0,214.0,0.0,20.0,15.0,78.0,0.0,2.0,0.0,0.0,40.2,4.0
D'Ernest Johnson,2023,JAX,RB,27,17,0.0,0.0,0.0,0.0,0.0,41.0,108.0,0.0,12.0,10.0,140.0,0.0,0.0,0.0,0.0,34.8,35.9
Ty Johnson,2023,BUF,RB,26,10,0.0,0.0,0.0,0.0,0.0,30.0,132.0,0.0,7.0,7.0,62.0,1.0,0.0,0.0,0.0,32.4,91.7
Tony Jones,2023,2TM,RB,26,7,0.0,0.0,0.0,0.0,0.0,26.0,95.0,2.0,10.0,7.0,37.0,0.0,0.0,0.0,0.0,32.2,11.5
Kyle Juszczyk,2023,SFO,FB,32,17,0.0,0.0,0.0,0.0,0.0,5.0,6.0,0.0,17.0,14.0,119.0,2.0,0.0,0.0,0.0,38.5,57.6
Craig Reynolds,2023,DET,RB,27,17,0.0,0.0,0.0,0.0,0.0,41.0,179.0,1.0,5.0,5.0,47.0,0.0,2.0,0.0,0.0,29.6,20.9
Darrynton Evans,2023,2TM,RB,25,7,0.0,0.0,0.0,0.0,0.0,32.0,121.0,1.0,12.0,7.0,49.0,0.0,0.0,0.0,0.0,30.0,0.3
Ameer Abdullah,2023,LVR,RB,30,17,0.0,0.0,0.0,0.0,0.0,15.0,89.0,0.0,24.0,19.0,131.0,0.0,0.0,0.0,0.0,41.0,125.2
Tank Bigsby,2023,JAX,RB,22,17,0.0,0.0,0.0,0.0,0.0,50.0,132.0,2.0,4.0,1.0,6.0,0.0,2.0,0.0,0.0,22.8,129.0
Nick Chubb,2023,CLE,RB,28,2,0.0,0.0,0.0,0.0,0.0,28.0,170.0,0.0,4.0,4.0,21.0,0.0,0.0,0.0,0.0,23.1,63.3
Patrick Taylor,2023,GNB,RB,25,11,0.0,0.0,0.0,0.0,0.0,32.0,141.0,0.0,17.0,11.0,49.0,0.0,0.0,0.0,0.0,30.0,29.8
Trey Sermon,2023,IND,RB,24,14,0.0,0.0,0.0,0.0,0.0,35.0,160.0,0.0,6.0,3.0,13.0,0.0,0.0,0.0,0.0,20.3,53.8
Ronnie Rivers,2023,LAR,RB,24,9,0.0,0.0,0.0,0.0,0.0,32.0,129.0,0.0,5.0,5.0,22.0,0.0,0.0,0.0,0.0,20.1,18.3
Tyler Goodson,2023,IND,RB,23,6,0.0,0.0,0.0,0.0,0.0,13.0,87.0,0.0,9.0,6.0,34.0,0.0,0.0,0.0,0.0,18.1,44.4
Alec Ingold,2023,MIA,FB,27,17,0.0,0.0,0.0,0.0,0.0,2.0,0.0,0.0,16.0,13.0,119.0,0.0,0.0,0.0,0.0,24.9,26.3
Raheem Blackshear,2023,CAR,RB,24,12,0.0,0.0,0.0,0.0,0.0,14.0,46.0,0.0,7.0,6.0,45.0,0.0,0.0,1.0,0.0,17.1,8.0
Chris Brooks,2023,MIA,RB,23,9,0.0,0.0,0.0,0.0,0.0,19.0,106.0,0.0,0.0,0.0,0.0,0.0,0.0,0.0,0.0,10.6,42.2
Patrick Ricard,2023,BAL,FB,29,17,0.0,0.0,0.0,0.0,0.0,0.0,0.0,0.0,7.0,5.0,52.0,1.0,0.0,0.0,0.0,16.2,17.2
Emanuel Wilson,2023,GNB,RB,24,7,0.0,0.0,0.0,0.0,0.0,14.0,85.0,0.0,5.0,4.0,23.0,0.0,0.0,0.0,0.0,14.8,96.0
J.K. Dobbins,2023,BAL,RB,25,1,0.0,0.0,0.0,0.0,0.0,8.0,22.0,1.0,3.0,2.0,15.0,0.0,0.0,0.0,0.0,11.7,191.8
Keaontay Ingram,2023,ARI,RB,24,8,0.0,0.0,0.0,0.0,0.0,35.0,74.0,0.0,4.0,4.0,26.0,0.0,0.0,0.0,0.0,14.0,0.0
Hunter Luepke,2023,DAL,RB,23,17,0.0,0.0,0.0,0.0,0.0,6.0,19.0,1.0,4.0,3.0,18.0,0.0,0.0,0.0,0.0,12.7,26.9
Dare Ogunbowale,2023,HOU,RB,29,12,0.0,0.0,0.0,0.0,0.0,8.0,35.0,0.0,7.0,2.0,18.0,0.0,0.0,0.0,0.0,10.3,56.0
Deuce Vaughn,2023,DAL,RB,22,7,0.0,0.0,0.0,0.0,0.0,23.0,40.0,0.0,7.0,7.0,40.0,0.0,0.0,0.0,0.0,15.0,11.8
Trayveon Williams,2023,CIN,RB,26,17,0.0,0.0,0.0,0.0,0.0,15.0,69.0,0.0,9.0,7.0,10.0,0.0,0.0,0.0,0.0,14.9,0.0
Gary Brightwell,2023,NYG,RB,24,7,0.0,0.0,0.0,0.0,0.0,9.0,19.0,0.0,7.0,5.0,47.0,0.0,0.0,0.0,0.0,11.6,0.0
Eric Gray,2023,NYG,RB,24,13,0.0,0.0,0.0,0.0,0.0,17.0,48.0,0.0,7.0,6.0,22.0,0.0,0.0,0.0,0.0,13.0,17.3
Michael Burton,2023,DEN,FB,31,17,0.0,0.0,0.0,0.0,0.0,7.0,9.0,0.0,3.0,3.0,8.0,0.0,0.0,1.0,0.0,6.7,29.3
Ke'Shawn Vaughn,2023,TAM,RB,26,6,0.0,0.0,0.0,0.0,0.0,24.0,42.0,0.0,5.0,2.0,2.0,0.0,0.0,0.0,0.0,6.4,0.4
Khari Blasingame,2023,CHI,FB,27,16,0.0,0.0,0.0,0.0,0.0,8.0,26.0,0.0,6.0,3.0,2.0,0.0,0.0,0.0,0.0,5.8,0.0
C.J. Ham,2023,MIN,FB,30,17,0.0,0.0,0.0,0.0,0.0,1.0,7.0,0.0,9.0,7.0,25.0,0.0,0.0,0.0,0.0,10.2,13.5
Sean Tucker,2023,TAM,RB,22,11,0.0,0.0,0.0,0.0,0.0,15.0,23.0,0.0,2.0,2.0,9.0,0.0,0.0,0.0,0.0,5.2,68.7
DeeJay Dallas,2023,SEA,RB,25,17,0.0,0.0,0.0,0.0,0.0,10.0,36.0,0.0,9.0,6.0,26.0,0.0,2.0,0.0,0.0,8.2,21.0
Tyrion Davis-Price,2023,SFO,RB,23,1,0.0,0.0,0.0,0.0,0.0,6.0,21.0,0.0,0.0,0.0,0.0,0.0,0.0,0.0,0.0,2.1,0.7
Evan Hull,2023,IND,RB,23,1,0.0,0.0,0.0,0.0,0.0,1.0,1.0,0.0,1.0,1.0,6.0,0.0,0.0,0.0,0.0,1.7,0.0
Jakob Johnson,2023,LVR,FB,29,13,0.0,0.0,0.0,0.0,0.0,0.0,0.0,0.0,2.0,1.0,12.0,0.0,0.0,0.0,0.0,2.2,0.0
Kene Nwangwu,2023,MIN,RB,25,9,0.0,0.0,0.0,0.0,0.0,5.0,13.0,0.0,0.0,0.0,0.0,0.0,0.0,0.0,0.0,1.3,6.0
Jonathan Ward,2023,TEN,RB,26,7,0.0,0.0,0.0,0.0,0.0,3.0,11.0,0.0,0.0,0.0,0.0,0.0,0.0,0.0,0.0,1.1,2.2
Julius Chestnut,2023,TEN,RB,23,3,0.0,0.0,0.0,0.0,0.0,0.0,0.0,0.0,0.0,0.0,0.0,0.0,0.0,0.0,0.0,0.0,13.3
Myles Gaskin,2023,2TM,RB,26,3,0.0,0.0,0.0,0.0,0.0,0.0,0.0,0.0,0.0,0.0,0.0,0.0,0.0,0.0,0.0,0.0,2.0
Reggie Gilliam,2023,BUF,FB,26,17,0.0,0.0,0.0,0.0,0.0,0.0,0.0,0.0,1.0,1.0,3.0,0.0,0.0,0.0,0.0,1.3,0.7
Jamycal Hasty,2023,2TM,RB,27,5,0.0,0.0,0.0,0.0,0.0,0.0,0.0,0.0,2.0,0.0,0.0,0.0,0.0,0.0,0.0,0.0,28.8
Travis Homer,2023,CHI,RB,25,16,0.0,0.0,0.0,0.0,0.0,0.0,0.0,0.0,1.0,0.0,0.0,0.0,0.0,0.0,0.0,0.0,6.4
Kenny McIntosh,2023,SEA,RB,23,3,0.0,0.0,0.0,0.0,0.0,0.0,0.0,0.0,0.0,0.0,0.0,0.0,0.0,0.0,0.0,0.0,22.4
Jeremy McNichols,2023,SFO,RB,28,3,0.0,0.0,0.0,0.0,0.0,0.0,0.0,0.0,0.0,0.0,0.0,0.0,0.0,0.0,0.0,0.0,63.8
Jordan Mims,2023,NOR,RB,24,2,0.0,0.0,0.0,0.0,0.0,0.0,0.0,0.0,2.0,0.0,0.0,0.0,0.0,0.0,0.0,0.0,26.1
Adam Prentice,2023,NOR,FB,26,13,0.0,0.0,0.0,0.0,0.0,2.0,12.0,0.0,3.0,2.0,12.0,0.0,1.0,0.0,0.0,2.4,0.0
