Name,Year,Team,Position,Age,Games,Passing_Cmp,Passing_Att,Passing_Yds,Passing_TD,Passing_Int,Rushing_Att,Rushing_Yds,Rushing_TD,Receiving_Tgt,Receiving_Rec,Receiving_Yds,Receiving_TD,Fumbles_Lost,2PM,2PP,Fantasy_PPR,Fantasy_PPR_NextYear,Team_NextYear
Lamar Jackson,2019,BAL,QB,22,15,265.0,401.0,3127.0,36.0,6.0,176.0,1206.0,7.0,0.0,0.0,0.0,0.0,2.0,0.0,0.0,415.7,332.8,BAL
Dak Prescott,2019,DAL,QB,26,16,388.0,596.0,4902.0,30.0,11.0,52.0,277.0,3.0,0.0,0.0,0.0,0.0,2.0,0.0,1.0,337.8,135.6,DAL
Russell Wilson,2019,SEA,QB,31,16,341.0,516.0,4110.0,31.0,5.0,75.0,342.0,3.0,0.0,0.0,0.0,0.0,2.0,0.0,1.0,328.6,359.8,SEA
Deshaun Watson,2019,HOU,QB,24,15,333.0,495.0,3852.0,26.0,12.0,82.0,413.0,7.0,1.0,1.0,6.0,1.0,3.0,0.0,1.0,321.0,369.3,HOU
Jameis Winston,2019,TAM,QB,25,16,380.0,626.0,5109.0,33.0,30.0,59.0,250.0,1.0,0.0,0.0,0.0,0.0,5.0,2.0,2.0,305.4,2.4,NOR
Josh Allen,2019,BUF,QB,23,16,271.0,461.0,3089.0,20.0,9.0,109.0,510.0,9.0,0.0,0.0,0.0,0.0,4.0,1.0,2.0,288.6,396.1,BUF
Patrick Mahomes,2019,KAN,QB,24,14,319.0,484.0,4031.0,26.0,5.0,43.0,218.0,2.0,0.0,0.0,0.0,0.0,2.0,0.0,1.0,287.0,374.4,KAN
Kyler Murray,2019,ARI,QB,22,16,349.0,542.0,3722.0,20.0,12.0,93.0,544.0,4.0,0.0,0.0,0.0,0.0,2.0,0.0,3.0,285.3,378.7,ARI
Aaron Rodgers,2019,GNB,QB,36,16,353.0,569.0,4002.0,26.0,4.0,46.0,183.0,1.0,0.0,0.0,0.0,0.0,4.0,1.0,2.0,278.4,383.3,GNB
Carson Wentz,2019,PHI,QB,27,16,388.0,607.0,4039.0,27.0,7.0,62.0,243.0,1.0,0.0,0.0,0.0,0.0,7.0,0.0,2.0,275.9,198.4,PHI
Matt Ryan,2019,ATL,QB,34,15,408.0,616.0,4466.0,26.0,14.0,34.0,147.0,1.0,0.0,0.0,0.0,0.0,5.0,0.0,1.0,267.3,282.4,ATL
Tom Brady,2019,NWE,QB,42,16,373.0,613.0,4057.0,24.0,8.0,26.0,34.0,3.0,0.0,0.0,0.0,0.0,1.0,0.0,1.0,263.7,337.9,TAM
Jared Goff,2019,LAR,QB,25,16,394.0,626.0,4638.0,22.0,16.0,33.0,40.0,2.0,0.0,0.0,0.0,0.0,5.0,0.0,0.0,247.5,240.0,LAR
Jimmy Garoppolo,2019,SFO,QB,28,16,329.0,476.0,3978.0,27.0,13.0,46.0,62.0,1.0,0.0,0.0,0.0,0.0,5.0,0.0,2.0,247.3,64.3,SFO
Derek Carr,2019,OAK,QB,28,16,361.0,513.0,4054.0,21.0,8.0,27.0,82.0,2.0,0.0,0.0,0.0,0.0,3.0,0.0,0.0,244.4,272.1,LVR
Kirk Cousins,2019,MIN,QB,31,15,307.0,444.0,3603.0,26.0,6.0,31.0,63.0,1.0,1.0,0.0,0.0,0.0,3.0,0.0,1.0,244.4,306.2,MIN
Ryan Fitzpatrick,2019,MIA,QB,37,15,311.0,502.0,3529.0,20.0,13.0,54.0,243.0,4.0,0.0,0.0,0.0,0.0,2.0,0.0,1.0,241.5,153.7,MIA
Philip Rivers,2019,LAC,QB,38,16,390.0,591.0,4615.0,23.0,20.0,12.0,29.0,0.0,0.0,0.0,0.0,0.0,3.0,0.0,1.0,235.5,240.0,IND
Baker Mayfield,2019,CLE,QB,24,16,317.0,534.0,3827.0,22.0,21.0,28.0,141.0,3.0,0.0,0.0,0.0,0.0,2.0,0.0,1.0,229.2,248.6,CLE
Gardner Minshew II,2019,JAX,QB,23,14,285.0,470.0,3271.0,21.0,6.0,67.0,344.0,0.0,0.0,0.0,0.0,0.0,7.0,0.0,3.0,229.2,160.7,JAX
Drew Brees,2019,NOR,QB,40,11,281.0,378.0,2979.0,27.0,4.0,9.0,-4.0,1.0,0.0,0.0,0.0,0.0,0.0,0.0,0.0,224.8,209.5,NOR
Ryan Tannehill,2019,TEN,QB,31,12,201.0,286.0,2742.0,22.0,6.0,43.0,185.0,4.0,0.0,0.0,0.0,0.0,3.0,1.0,0.0,224.2,344.4,TEN
Jacoby Brissett,2019,IND,QB,27,15,272.0,447.0,2942.0,18.0,6.0,56.0,228.0,4.0,1.0,1.0,2.0,0.0,5.0,0.0,1.0,217.7,20.6,IND
Daniel Jones,2019,NYG,QB,22,13,284.0,459.0,3027.0,24.0,12.0,45.0,279.0,2.0,0.0,0.0,0.0,0.0,11.0,0.0,2.0,215.0,180.0,NYG
Andy Dalton,2019,CIN,QB,32,13,314.0,528.0,3494.0,16.0,14.0,32.0,73.0,4.0,1.0,1.0,-4.0,0.0,4.0,1.0,1.0,203.7,136.9,DAL
Mitchell Trubisky,2019,CHI,QB,25,15,326.0,516.0,3138.0,17.0,10.0,48.0,193.0,2.0,0.0,0.0,0.0,0.0,2.0,0.0,1.0,202.8,153.7,CHI
Sam Darnold,2019,NYJ,QB,22,13,273.0,441.0,3024.0,19.0,13.0,33.0,62.0,2.0,0.0,0.0,0.0,0.0,3.0,0.0,3.0,189.2,134.0,NYJ
Kyle Allen,2019,CAR,QB,23,13,303.0,489.0,3322.0,17.0,16.0,32.0,106.0,2.0,0.0,0.0,0.0,0.0,7.0,0.0,0.0,177.5,45.0,WAS
Matthew Stafford,2019,DET,QB,31,8,187.0,291.0,2499.0,19.0,5.0,20.0,66.0,0.0,0.0,0.0,0.0,0.0,3.0,0.0,0.0,166.6,260.6,DET
Mason Rudolph,2019,PIT,QB,24,10,176.0,283.0,1765.0,13.0,9.0,21.0,42.0,0.0,0.0,0.0,0.0,0.0,0.0,0.0,0.0,108.8,18.4,PIT
Case Keenum,2019,WAS,QB,31,10,160.0,247.0,1707.0,11.0,5.0,9.0,12.0,1.0,0.0,0.0,0.0,0.0,3.0,0.0,0.0,103.5,1.8,CLE
Teddy Bridgewater,2019,NOR,QB,27,9,133.0,196.0,1384.0,9.0,2.0,28.0,31.0,0.0,0.0,0.0,0.0,0.0,0.0,0.0,0.0,90.5,241.2,CAR
Joe Flacco,2019,DEN,QB,34,8,171.0,262.0,1822.0,6.0,5.0,12.0,20.0,0.0,0.0,0.0,0.0,0.0,3.0,0.0,1.0,84.9,54.8,NYJ
Marcus Mariota,2019,TEN,QB,26,7,95.0,160.0,1203.0,7.0,2.0,24.0,129.0,0.0,0.0,0.0,0.0,0.0,0.0,0.0,0.0,85.0,25.8,LVR
Dwayne Haskins,2019,WAS,QB,22,9,119.0,203.0,1365.0,7.0,7.0,20.0,101.0,0.0,0.0,0.0,0.0,0.0,2.0,0.0,1.0,76.7,68.2,WAS
Drew Lock,2019,DEN,QB,23,5,100.0,156.0,1020.0,7.0,3.0,18.0,72.0,0.0,0.0,0.0,0.0,0.0,1.0,0.0,0.0,68.0,181.3,DEN
Jeff Driskel,2019,DET,QB,26,3,62.0,105.0,685.0,4.0,4.0,22.0,151.0,1.0,1.0,1.0,6.0,0.0,0.0,0.0,0.0,58.1,30.1,DEN
David Blough,2019,DET,QB,24,5,94.0,174.0,984.0,4.0,6.0,8.0,31.0,0.0,1.0,1.0,19.0,1.0,0.0,0.0,0.0,55.4,1.8,DET
Nick Foles,2019,JAX,QB,30,4,77.0,117.0,736.0,3.0,2.0,4.0,23.0,0.0,0.0,0.0,0.0,0.0,2.0,0.0,1.0,37.7,104.2,CHI
Brandon Allen,2019,DEN,QB,27,3,39.0,84.0,515.0,3.0,2.0,10.0,39.0,0.0,0.0,0.0,0.0,0.0,0.0,0.0,0.0,32.5,49.7,CIN
Matt Schaub,2019,ATL,QB,38,6,50.0,67.0,580.0,3.0,1.0,3.0,-3.0,0.0,0.0,0.0,0.0,0.0,1.0,0.0,1.0,32.9,-0.4,ATL
Chase Daniel,2019,CHI,QB,33,3,45.0,64.0,435.0,3.0,2.0,6.0,6.0,0.0,0.0,0.0,0.0,0.0,0.0,0.0,0.0,26.0,12.2,DET
Ryan Finley,2019,CIN,QB,25,3,41.0,87.0,474.0,2.0,2.0,10.0,77.0,0.0,0.0,0.0,0.0,0.0,3.0,0.0,0.0,24.7,19.2,CIN
Brian Hoyer,2019,IND,QB,34,4,35.0,65.0,372.0,4.0,4.0,8.0,2.0,0.0,0.0,0.0,0.0,0.0,1.0,0.0,0.0,21.1,2.0,NWE
Josh Rosen,2019,MIA,QB,22,6,58.0,109.0,567.0,1.0,5.0,3.0,13.0,0.0,0.0,0.0,0.0,0.0,0.0,0.0,0.0,18.0,-3.2,ATL
A.J. McCarron,2019,HOU,QB,29,2,21.0,37.0,225.0,0.0,1.0,5.0,39.0,1.0,0.0,0.0,0.0,0.0,0.0,0.0,0.0,16.9,0.8,HOU
Cam Newton,2019,CAR,QB,30,2,50.0,89.0,572.0,0.0,1.0,5.0,-2.0,0.0,0.0,0.0,0.0,0.0,2.0,0.0,0.0,16.7,261.0,NWE
Robert Griffin III,2019,BAL,QB,29,7,23.0,38.0,225.0,1.0,2.0,20.0,70.0,0.0,0.0,0.0,0.0,0.0,0.0,0.0,0.0,16.0,2.6,BAL
Ben Roethlisberger,2019,PIT,QB,37,2,35.0,62.0,351.0,0.0,1.0,1.0,7.0,0.0,0.0,0.0,0.0,0.0,0.0,0.0,0.0,12.7,267.2,PIT
Matt Barkley,2019,BUF,QB,29,2,27.0,51.0,359.0,0.0,3.0,2.0,-4.0,0.0,0.0,0.0,0.0,0.0,1.0,0.0,0.0,6.0,9.3,BUF
Tyrod Taylor,2019,LAC,QB,30,8,4.0,6.0,33.0,1.0,0.0,10.0,7.0,0.0,1.0,0.0,0.0,0.0,0.0,0.0,0.0,6.0,9.0,LAC
Mike Glennon,2019,OAK,QB,30,2,6.0,10.0,56.0,1.0,0.0,2.0,0.0,0.0,0.0,0.0,0.0,0.0,1.0,0.0,0.0,4.2,60.6,JAX
Colt McCoy,2019,WAS,QB,33,1,18.0,27.0,122.0,0.0,1.0,2.0,14.0,0.0,0.0,0.0,0.0,0.0,0.0,0.0,0.0,4.3,18.2,NYG
Ryan Griffin,2019,TAM,QB,30,2,2.0,4.0,18.0,0.0,0.0,4.0,-1.0,0.0,0.0,0.0,0.0,0.0,0.0,0.0,0.0,0.6,17.6,NYJ
Tim Boyle,2019,GNB,QB,25,3,3.0,4.0,15.0,0.0,0.0,5.0,-7.0,0.0,0.0,0.0,0.0,0.0,0.0,0.0,0.0,-0.1,-0.9,GNB
Garrett Gilbert,2019,CLE,QB,28,5,0.0,3.0,0.0,0.0,0.0,3.0,-3.0,0.0,0.0,0.0,0.0,0.0,0.0,0.0,0.0,-0.3,14.5,DAL
Trace McSorley,2019,BAL,QB,24,1,0.0,0.0,0.0,0.0,0.0,1.0,1.0,0.0,0.0,0.0,0.0,0.0,0.0,0.0,0.0,0.1,9.3,BAL
Nick Mullens,2019,SFO,QB,24,1,0.0,0.0,0.0,0.0,0.0,3.0,-3.0,0.0,0.0,0.0,0.0,0.0,0.0,0.0,0.0,-0.3,116.3,SFO
Cooper Rush,2019,DAL,QB,26,2,0.0,0.0,0.0,0.0,0.0,0.0,0.0,0.0,0.0,0.0,0.0,0.0,0.0,0.0,0.0,0.0,24.1,DAL
Trevor Siemian,2019,NYJ,QB,28,1,3.0,6.0,3.0,0.0,0.0,0.0,0.0,0.0,0.0,0.0,0.0,0.0,0.0,0.0,0.0,0.1,90.2,NOR
Sean Mannion,2019,MIN,QB,27,3,12.0,21.0,126.0,0.0,2.0,6.0,-5.0,0.0,0.0,0.0,0.0,0.0,1.0,0.0,0.0,-1.5,13.0,MIN
Jarrett Stidham,2019,NWE,QB,23,3,2.0,4.0,14.0,0.0,1.0,2.0,-2.0,0.0,0.0,0.0,0.0,0.0,0.0,0.0,0.0,-1.6,12.9,NWE
Josh Allen,2020,BUF,QB,24,16,396.0,572.0,4544.0,37.0,10.0,102.0,421.0,8.0,1.0,1.0,12.0,1.0,6.0,0.0,0.0,396.1,402.6,BUF
Aaron Rodgers,2020,GNB,QB,37,16,372.0,526.0,4299.0,48.0,5.0,38.0,149.0,3.0,1.0,1.0,-6.0,0.0,2.0,0.0,0.0,383.3,333.3,GNB
Kyler Murray,2020,ARI,QB,23,16,375.0,558.0,3971.0,26.0,12.0,133.0,819.0,11.0,0.0,0.0,0.0,0.0,4.0,0.0,0.0,378.7,300.5,ARI
Patrick Mahomes,2020,KAN,QB,25,15,390.0,588.0,4740.0,38.0,6.0,62.0,308.0,2.0,2.0,0.0,0.0,0.0,2.0,0.0,3.0,374.4,361.7,KAN
Deshaun Watson,2020,HOU,QB,25,16,382.0,544.0,4823.0,33.0,7.0,90.0,444.0,3.0,0.0,0.0,0.0,0.0,3.0,0.0,1.0,369.3,85.6,CLE
Russell Wilson,2020,SEA,QB,32,16,384.0,558.0,4212.0,40.0,13.0,83.0,513.0,2.0,0.0,0.0,0.0,0.0,4.0,0.0,1.0,359.8,242.8,SEA
Ryan Tannehill,2020,TEN,QB,32,16,315.0,481.0,3819.0,33.0,7.0,43.0,266.0,7.0,1.0,1.0,0.0,0.0,1.0,2.0,1.0,344.4,268.4,TEN
Tom Brady,2020,TAM,QB,43,16,401.0,610.0,4633.0,40.0,12.0,30.0,6.0,3.0,0.0,0.0,0.0,0.0,1.0,0.0,0.0,337.9,374.7,TAM
Justin Herbert,2020,LAC,QB,22,15,396.0,595.0,4336.0,31.0,10.0,55.0,234.0,5.0,0.0,0.0,0.0,0.0,1.0,0.0,2.0,332.8,380.8,LAC
Lamar Jackson,2020,BAL,QB,23,15,242.0,376.0,2757.0,26.0,9.0,159.0,1005.0,7.0,0.0,0.0,0.0,0.0,4.0,0.0,1.0,332.8,240.0,BAL
Kirk Cousins,2020,MIN,QB,32,16,349.0,516.0,4265.0,35.0,13.0,32.0,156.0,1.0,0.0,0.0,0.0,0.0,5.0,0.0,5.0,306.2,300.3,MIN
Matt Ryan,2020,ATL,QB,35,16,407.0,626.0,4581.0,26.0,11.0,29.0,92.0,2.0,0.0,0.0,0.0,0.0,3.0,0.0,1.0,282.4,222.9,ATL
Derek Carr,2020,LVR,QB,29,16,348.0,517.0,4103.0,27.0,9.0,39.0,140.0,3.0,0.0,0.0,0.0,0.0,8.0,0.0,1.0,272.1,257.0,LVR
Ben Roethlisberger,2020,PIT,QB,38,15,399.0,608.0,3803.0,33.0,10.0,25.0,11.0,0.0,0.0,0.0,0.0,0.0,1.0,0.0,2.0,267.2,218.1,PIT
Matthew Stafford,2020,DET,QB,32,16,339.0,528.0,4084.0,26.0,10.0,29.0,112.0,0.0,1.0,0.0,0.0,0.0,1.0,0.0,2.0,260.6,329.7,LAR
Cam Newton,2020,NWE,QB,31,15,242.0,368.0,2657.0,8.0,10.0,137.0,592.0,12.0,2.0,2.0,35.0,1.0,1.0,0.0,1.0,261.0,86.4,CAR
Baker Mayfield,2020,CLE,QB,25,16,305.0,486.0,3563.0,26.0,8.0,54.0,165.0,1.0,1.0,1.0,6.0,0.0,4.0,0.0,1.0,248.6,180.9,CLE
Teddy Bridgewater,2020,CAR,QB,28,15,340.0,492.0,3733.0,15.0,11.0,53.0,279.0,5.0,0.0,0.0,0.0,0.0,3.0,0.0,1.0,241.2,202.7,DEN
Jared Goff,2020,LAR,QB,26,15,370.0,552.0,3952.0,20.0,13.0,51.0,99.0,4.0,0.0,0.0,0.0,0.0,4.0,0.0,1.0,240.0,194.5,DET
Carson Wentz,2020,PHI,QB,28,12,251.0,437.0,2620.0,16.0,15.0,52.0,276.0,5.0,0.0,0.0,0.0,0.0,4.0,0.0,5.0,198.4,258.0,IND
Drew Lock,2020,DEN,QB,24,13,254.0,443.0,2933.0,16.0,15.0,44.0,160.0,3.0,0.0,0.0,0.0,0.0,3.0,0.0,1.0,181.3,51.9,DEN
Daniel Jones,2020,NYG,QB,23,14,280.0,448.0,2943.0,11.0,10.0,65.0,423.0,1.0,0.0,0.0,0.0,0.0,6.0,0.0,1.0,180.0,167.5,NYG
Joe Burrow,2020,CIN,QB,24,10,264.0,404.0,2688.0,13.0,5.0,37.0,142.0,3.0,0.0,0.0,0.0,0.0,4.0,0.0,0.0,173.7,314.2,CIN
Gardner Minshew II,2020,JAX,QB,24,9,216.0,327.0,2259.0,16.0,5.0,29.0,153.0,1.0,1.0,1.0,0.0,0.0,4.0,0.0,1.0,160.7,33.7,PHI
Mitchell Trubisky,2020,CHI,QB,26,10,199.0,297.0,2055.0,16.0,8.0,33.0,195.0,1.0,0.0,0.0,0.0,0.0,2.0,0.0,1.0,153.7,8.1,BUF
Ryan Fitzpatrick,2020,MIA,QB,38,9,183.0,267.0,2091.0,13.0,8.0,30.0,151.0,2.0,1.0,1.0,0.0,0.0,0.0,1.0,2.0,153.7,0.7,WAS
Andy Dalton,2020,DAL,QB,33,11,216.0,333.0,2170.0,14.0,8.0,28.0,114.0,0.0,1.0,1.0,-3.0,0.0,1.0,0.0,0.0,136.9,84.2,CHI
Dak Prescott,2020,DAL,QB,27,5,151.0,222.0,1856.0,9.0,4.0,18.0,93.0,3.0,1.0,1.0,11.0,1.0,3.0,1.0,1.0,135.6,320.6,DAL
Tua Tagovailoa,2020,MIA,QB,22,10,186.0,290.0,1814.0,11.0,5.0,36.0,109.0,3.0,0.0,0.0,0.0,0.0,1.0,0.0,1.0,135.5,180.9,MIA
Sam Darnold,2020,NYJ,QB,23,12,217.0,364.0,2208.0,9.0,11.0,37.0,217.0,2.0,0.0,0.0,0.0,0.0,2.0,0.0,1.0,134.0,157.3,CAR
Nick Mullens,2020,SFO,QB,25,10,211.0,326.0,2437.0,12.0,12.0,9.0,8.0,0.0,0.0,0.0,0.0,0.0,4.0,0.0,1.0,116.3,9.9,CLE
Jalen Hurts,2020,PHI,QB,22,15,77.0,148.0,1061.0,6.0,4.0,63.0,354.0,3.0,1.0,1.0,3.0,0.0,2.0,0.0,0.0,109.1,312.2,PHI
Nick Foles,2020,CHI,QB,31,9,202.0,312.0,1852.0,10.0,8.0,16.0,1.0,1.0,0.0,0.0,0.0,0.0,0.0,0.0,0.0,104.2,16.8,CHI
Jimmy Garoppolo,2020,SFO,QB,29,6,94.0,140.0,1096.0,7.0,5.0,10.0,25.0,0.0,0.0,0.0,0.0,0.0,0.0,0.0,0.0,64.3,227.5,SFO
Mike Glennon,2020,JAX,QB,31,5,111.0,179.0,1072.0,7.0,5.0,6.0,17.0,0.0,0.0,0.0,0.0,0.0,2.0,0.0,1.0,60.6,30.9,NYG
Joe Flacco,2020,NYJ,QB,35,5,74.0,134.0,864.0,6.0,3.0,6.0,22.0,0.0,0.0,0.0,0.0,0.0,0.0,0.0,0.0,54.8,23.8,NYJ
C.J. Beathard,2020,SFO,QB,27,6,66.0,104.0,787.0,6.0,0.0,6.0,28.0,0.0,0.0,0.0,0.0,0.0,3.0,0.0,0.0,52.3,1.5,JAX
Brandon Allen,2020,CIN,QB,28,5,90.0,142.0,925.0,5.0,4.0,13.0,27.0,0.0,1.0,0.0,0.0,0.0,1.0,0.0,0.0,49.7,13.9,CIN
Kyle Allen,2020,WAS,QB,24,4,60.0,87.0,610.0,4.0,1.0,7.0,26.0,1.0,0.0,0.0,0.0,0.0,1.0,0.0,0.0,45.0,7.9,WAS
Jeff Driskel,2020,DEN,QB,27,3,35.0,64.0,432.0,3.0,2.0,6.0,28.0,0.0,0.0,0.0,0.0,0.0,0.0,0.0,1.0,30.1,0.0,HOU
Marcus Mariota,2020,LVR,QB,27,1,17.0,28.0,226.0,1.0,1.0,9.0,88.0,1.0,0.0,0.0,0.0,0.0,0.0,0.0,0.0,25.8,14.9,LVR
Chad Henne,2020,KAN,QB,35,3,28.0,38.0,248.0,2.0,0.0,7.0,-2.0,1.0,0.0,0.0,0.0,0.0,0.0,0.0,0.0,23.7,3.3,KAN
Jacoby Brissett,2020,IND,QB,28,11,2.0,8.0,17.0,0.0,0.0,17.0,19.0,3.0,0.0,0.0,0.0,0.0,0.0,0.0,0.0,20.6,72.3,MIA
Colt McCoy,2020,NYG,QB,34,4,40.0,66.0,375.0,1.0,1.0,9.0,12.0,0.0,0.0,0.0,0.0,0.0,1.0,0.0,1.0,18.2,41.3,ARI
Mason Rudolph,2020,PIT,QB,25,5,25.0,43.0,324.0,2.0,1.0,7.0,-6.0,0.0,0.0,0.0,0.0,0.0,0.0,0.0,0.0,18.4,18.4,PIT
Blaine Gabbert,2020,TAM,QB,31,4,9.0,16.0,143.0,2.0,0.0,9.0,16.0,0.0,0.0,0.0,0.0,0.0,0.0,0.0,0.0,15.3,2.0,TAM
Garrett Gilbert,2020,DAL,QB,29,1,21.0,38.0,243.0,1.0,1.0,3.0,28.0,0.0,0.0,0.0,0.0,0.0,0.0,0.0,0.0,14.5,7.8,WAS
Jarrett Stidham,2020,NWE,QB,24,5,22.0,44.0,256.0,2.0,3.0,7.0,7.0,0.0,0.0,0.0,0.0,0.0,0.0,0.0,0.0,12.9,42.6,LVR
John Wolford,2020,LAR,QB,25,1,22.0,38.0,231.0,0.0,1.0,6.0,56.0,0.0,0.0,0.0,0.0,0.0,0.0,0.0,0.0,12.8,-1.9,LAR
Chase Daniel,2020,DET,QB,34,4,29.0,43.0,264.0,1.0,2.0,2.0,16.0,0.0,0.0,0.0,0.0,0.0,0.0,0.0,0.0,12.2,-0.2,LAC
Taylor Heinicke,2020,WAS,QB,27,1,12.0,19.0,137.0,1.0,0.0,3.0,22.0,0.0,0.0,0.0,0.0,0.0,0.0,0.0,0.0,11.7,222.9,WAS
Brett Rypien,2020,DEN,QB,24,3,27.0,40.0,295.0,2.0,4.0,5.0,-5.0,0.0,0.0,0.0,0.0,0.0,0.0,0.0,0.0,11.3,0.0,DEN
Matt Barkley,2020,BUF,QB,30,5,11.0,21.0,197.0,1.0,1.0,6.0,-6.0,0.0,0.0,0.0,0.0,0.0,0.0,0.0,0.0,9.3,-0.3,JAX
Trace McSorley,2020,BAL,QB,25,2,3.0,10.0,90.0,1.0,0.0,5.0,17.0,0.0,0.0,0.0,0.0,0.0,0.0,0.0,0.0,9.3,8.6,ARI
Tyrod Taylor,2020,LAC,QB,31,2,16.0,30.0,208.0,0.0,0.0,6.0,7.0,0.0,0.0,0.0,0.0,0.0,0.0,0.0,0.0,9.0,81.7,HOU
P.J. Walker,2020,CAR,QB,25,4,32.0,56.0,368.0,1.0,5.0,5.0,-2.0,0.0,1.0,0.0,0.0,0.0,0.0,0.0,0.0,8.5,13.8,CAR
Chris Streveler,2020,ARI,QB,25,5,11.0,16.0,105.0,1.0,1.0,4.0,15.0,0.0,0.0,0.0,0.0,0.0,0.0,0.0,0.0,7.7,2.0,ARI
Tyler Huntley,2020,BAL,QB,22,2,3.0,5.0,15.0,0.0,0.0,10.0,23.0,0.0,0.0,0.0,0.0,0.0,0.0,0.0,0.0,2.9,82.6,BAL
David Blough,2020,DET,QB,25,1,6.0,10.0,49.0,0.0,1.0,1.0,18.0,0.0,0.0,0.0,0.0,0.0,0.0,0.0,0.0,1.8,0.6,DET
Joshua Dobbs,2020,PIT,QB,25,1,4.0,5.0,2.0,0.0,0.0,2.0,20.0,0.0,0.0,0.0,0.0,0.0,0.0,0.0,0.0,2.1,20.8,TEN
Brian Hoyer,2020,NWE,QB,35,1,15.0,24.0,130.0,0.0,1.0,1.0,8.0,0.0,0.0,0.0,0.0,0.0,1.0,0.0,0.0,2.0,12.3,NWE
Case Keenum,2020,CLE,QB,32,2,5.0,10.0,46.0,0.0,0.0,0.0,0.0,0.0,0.0,0.0,0.0,0.0,0.0,0.0,0.0,1.8,28.7,CLE
Nathan Peterman,2020,LVR,QB,26,1,3.0,5.0,25.0,0.0,0.0,1.0,9.0,0.0,0.0,0.0,0.0,0.0,0.0,0.0,0.0,1.9,0.2,LVR
Jameis Winston,2020,NOR,QB,26,4,7.0,11.0,75.0,0.0,0.0,8.0,-6.0,0.0,0.0,0.0,0.0,0.0,0.0,0.0,0.0,2.4,117.4,NOR
A.J. McCarron,2020,HOU,QB,30,2,1.0,1.0,20.0,0.0,0.0,0.0,0.0,0.0,0.0,0.0,0.0,0.0,0.0,0.0,0.0,0.8,0.8,CIN
Geno Smith,2020,SEA,QB,30,1,4.0,5.0,33.0,0.0,0.0,2.0,-2.0,0.0,0.0,0.0,0.0,0.0,0.0,0.0,0.0,1.1,54.3,SEA
Logan Woodside,2020,TEN,QB,25,6,1.0,3.0,7.0,0.0,0.0,7.0,10.0,0.0,0.0,0.0,0.0,0.0,0.0,0.0,0.0,1.3,-0.6,TEN
Easton Stick,2020,LAC,QB,25,1,1.0,1.0,4.0,0.0,0.0,1.0,-2.0,0.0,0.0,0.0,0.0,0.0,0.0,0.0,0.0,-0.04000000000000001,67.6,LAC
Tim Boyle,2020,GNB,QB,26,8,0.0,0.0,0.0,0.0,0.0,13.0,-9.0,0.0,0.0,0.0,0.0,0.0,0.0,0.0,0.0,-0.9,24.3,DET
Nate Sudfeld,2020,PHI,QB,27,1,5.0,12.0,32.0,0.0,1.0,2.0,12.0,0.0,0.0,0.0,0.0,0.0,1.0,0.0,0.0,-1.5,-0.4,DET
Josh Allen,2021,BUF,QB,25,17,409.0,646.0,4407.0,36.0,15.0,122.0,763.0,6.0,0.0,0.0,0.0,0.0,3.0,2.0,1.0,402.6,395.5,BUF
Justin Herbert,2021,LAC,QB,23,17,443.0,672.0,5014.0,38.0,15.0,63.0,302.0,3.0,0.0,0.0,0.0,0.0,1.0,1.0,5.0,380.8,281.3,LAC
Tom Brady,2021,TAM,QB,44,17,485.0,719.0,5316.0,43.0,12.0,28.0,81.0,2.0,0.0,0.0,0.0,0.0,3.0,0.0,0.0,374.7,271.7,TAM
Patrick Mahomes,2021,KAN,QB,26,17,436.0,658.0,4839.0,37.0,13.0,66.0,381.0,2.0,0.0,0.0,0.0,0.0,4.0,1.0,1.0,361.7,417.4,KAN
Aaron Rodgers,2021,GNB,QB,38,16,366.0,531.0,4115.0,37.0,4.0,33.0,101.0,3.0,1.0,1.0,-4.0,0.0,0.0,0.0,0.0,333.3,239.2,GNB
Matthew Stafford,2021,LAR,QB,33,17,404.0,601.0,4886.0,41.0,17.0,32.0,43.0,0.0,0.0,0.0,0.0,0.0,2.0,0.0,2.0,329.7,108.4,LAR
Dak Prescott,2021,DAL,QB,28,16,410.0,596.0,4449.0,37.0,10.0,48.0,146.0,1.0,0.0,0.0,0.0,0.0,6.0,1.0,2.0,320.6,198.6,DAL
Joe Burrow,2021,CIN,QB,25,16,366.0,520.0,4611.0,34.0,14.0,40.0,118.0,2.0,0.0,0.0,0.0,0.0,2.0,0.0,1.0,314.2,350.7,CIN
Jalen Hurts,2021,PHI,QB,23,15,265.0,432.0,3144.0,16.0,9.0,139.0,784.0,10.0,1.0,0.0,0.0,0.0,2.0,0.0,3.0,312.2,378.0,PHI
Kyler Murray,2021,ARI,QB,24,14,333.0,481.0,3787.0,24.0,10.0,88.0,423.0,5.0,0.0,0.0,7.0,0.0,0.0,0.0,0.0,300.5,200.5,ARI
Kirk Cousins,2021,MIN,QB,33,16,372.0,561.0,4221.0,33.0,7.0,29.0,115.0,1.0,0.0,0.0,0.0,0.0,2.0,0.0,0.0,300.3,291.6,MIN
Ryan Tannehill,2021,TEN,QB,33,17,357.0,531.0,3734.0,21.0,14.0,55.0,270.0,7.0,0.0,0.0,0.0,0.0,4.0,0.0,1.0,268.4,161.2,TEN
Carson Wentz,2021,IND,QB,29,17,322.0,516.0,3563.0,27.0,7.0,57.0,215.0,1.0,0.0,0.0,0.0,0.0,5.0,0.0,2.0,258.0,112.8,WAS
Derek Carr,2021,LVR,QB,30,17,428.0,626.0,4804.0,23.0,14.0,40.0,108.0,0.0,0.0,0.0,0.0,0.0,5.0,0.0,0.0,257.0,219.1,LVR
Russell Wilson,2021,SEA,QB,33,14,259.0,400.0,3113.0,25.0,6.0,43.0,183.0,2.0,0.0,0.0,0.0,0.0,1.0,0.0,1.0,242.8,225.8,DEN
Lamar Jackson,2021,BAL,QB,24,12,246.0,382.0,2882.0,16.0,13.0,133.0,767.0,2.0,0.0,0.0,0.0,0.0,3.0,0.0,2.0,240.0,236.1,BAL
Jimmy Garoppolo,2021,SFO,QB,30,15,301.0,441.0,3810.0,20.0,12.0,38.0,51.0,3.0,0.0,0.0,0.0,0.0,3.0,0.0,1.0,227.5,164.8,SFO
Mac Jones,2021,NWE,QB,23,17,352.0,521.0,3801.0,22.0,13.0,44.0,129.0,0.0,0.0,0.0,0.0,0.0,3.0,0.0,2.0,224.9,170.1,NWE
Matt Ryan,2021,ATL,QB,36,17,375.0,560.0,3968.0,20.0,12.0,40.0,82.0,1.0,0.0,0.0,0.0,0.0,4.0,1.0,0.0,222.9,155.3,IND
Taylor Heinicke,2021,WAS,QB,28,16,321.0,494.0,3419.0,20.0,15.0,60.0,313.0,1.0,1.0,1.0,-2.0,0.0,2.0,1.0,0.0,222.9,116.0,WAS
Teddy Bridgewater,2021,DEN,QB,29,14,285.0,426.0,3052.0,18.0,7.0,30.0,106.0,2.0,0.0,0.0,0.0,0.0,1.0,0.0,1.0,202.7,38.0,MIA
Trevor Lawrence,2021,JAX,QB,22,17,359.0,602.0,3641.0,12.0,17.0,73.0,334.0,2.0,0.0,0.0,0.0,0.0,5.0,0.0,2.0,199.0,295.6,JAX
Jared Goff,2021,DET,QB,27,14,332.0,494.0,3245.0,19.0,8.0,17.0,87.0,0.0,0.0,0.0,0.0,0.0,6.0,0.0,4.0,194.5,284.3,DET
Baker Mayfield,2021,CLE,QB,26,14,253.0,418.0,3010.0,17.0,13.0,37.0,134.0,1.0,0.0,0.0,11.0,0.0,3.0,0.0,2.0,180.9,121.4,2TM
Tua Tagovailoa,2021,MIA,QB,23,13,263.0,388.0,2653.0,16.0,10.0,42.0,128.0,3.0,0.0,0.0,0.0,0.0,1.0,0.0,1.0,180.9,230.9,MIA
Daniel Jones,2021,NYG,QB,24,11,232.0,361.0,2428.0,10.0,7.0,62.0,298.0,2.0,1.0,1.0,16.0,0.0,3.0,2.0,1.0,167.5,289.0,NYG
Sam Darnold,2021,CAR,QB,24,12,243.0,406.0,2527.0,9.0,13.0,48.0,222.0,5.0,0.0,0.0,0.0,0.0,4.0,0.0,1.0,157.3,86.3,CAR
Davis Mills,2021,HOU,QB,23,13,263.0,394.0,2664.0,16.0,10.0,18.0,44.0,0.0,0.0,0.0,0.0,0.0,1.0,1.0,1.0,157.0,181.5,HOU
Zach Wilson,2021,NYJ,QB,22,13,213.0,383.0,2334.0,9.0,11.0,29.0,185.0,4.0,1.0,0.0,0.0,0.0,1.0,1.0,1.0,151.9,98.9,NYJ
Justin Fields,2021,CHI,QB,22,12,159.0,270.0,1870.0,7.0,10.0,72.0,420.0,2.0,0.0,0.0,0.0,0.0,5.0,0.0,0.0,126.8,296.0,CHI
Jameis Winston,2021,NOR,QB,27,7,95.0,161.0,1170.0,14.0,3.0,32.0,166.0,1.0,0.0,0.0,0.0,0.0,1.0,0.0,0.0,117.4,43.9,NOR
Trevor Siemian,2021,NOR,QB,30,6,108.0,188.0,1154.0,11.0,3.0,9.0,20.0,1.0,0.0,0.0,0.0,0.0,1.0,0.0,0.0,90.2,10.2,CHI
Andy Dalton,2021,CHI,QB,34,8,149.0,236.0,1515.0,8.0,9.0,16.0,76.0,0.0,0.0,0.0,0.0,0.0,1.0,0.0,2.0,84.2,174.2,NOR
Tyler Huntley,2021,BAL,QB,23,7,122.0,188.0,1081.0,3.0,4.0,47.0,294.0,2.0,0.0,0.0,0.0,0.0,3.0,0.0,0.0,82.6,50.0,BAL
Tyrod Taylor,2021,HOU,QB,32,6,91.0,150.0,966.0,5.0,5.0,19.0,151.0,3.0,0.0,0.0,0.0,0.0,0.0,0.0,0.0,81.7,11.3,NYG
Jacoby Brissett,2021,MIA,QB,29,11,141.0,225.0,1283.0,5.0,4.0,19.0,70.0,1.0,0.0,0.0,0.0,0.0,3.0,0.0,1.0,72.3,168.6,CLE
Trey Lance,2021,SFO,QB,21,6,41.0,71.0,603.0,5.0,2.0,38.0,168.0,1.0,0.0,0.0,0.0,0.0,0.0,1.0,0.0,64.9,12.5,SFO
Geno Smith,2021,SEA,QB,31,4,65.0,95.0,702.0,5.0,1.0,9.0,42.0,1.0,0.0,0.0,0.0,0.0,1.0,0.0,0.0,54.3,303.9,SEA
Drew Lock,2021,DEN,QB,25,6,67.0,111.0,787.0,2.0,2.0,10.0,53.0,2.0,1.0,1.0,1.0,0.0,1.0,0.0,0.0,51.9,29.1,SEA
Josh Johnson,2021,2TM,QB,35,4,57.0,85.0,638.0,5.0,2.0,9.0,28.0,0.0,0.0,0.0,0.0,0.0,0.0,1.0,0.0,46.3,0.0,SEA
Mike White,2021,NYJ,QB,26,4,88.0,132.0,953.0,5.0,8.0,5.0,-1.0,0.0,0.0,0.0,0.0,0.0,0.0,1.0,0.0,44.0,56.6,NYJ
Colt McCoy,2021,ARI,QB,35,8,74.0,99.0,740.0,3.0,1.0,22.0,37.0,0.0,0.0,0.0,0.0,0.0,1.0,0.0,0.0,41.3,32.8,ARI
Gardner Minshew II,2021,PHI,QB,25,4,41.0,60.0,439.0,4.0,1.0,9.0,21.0,0.0,0.0,0.0,0.0,0.0,0.0,0.0,0.0,33.7,36.8,PHI
Case Keenum,2021,CLE,QB,33,7,47.0,72.0,462.0,3.0,1.0,12.0,22.0,0.0,0.0,0.0,0.0,0.0,1.0,0.0,0.0,28.7,0.3,BUF
Tim Boyle,2021,DET,QB,27,5,61.0,94.0,526.0,3.0,6.0,2.0,13.0,0.0,0.0,0.0,0.0,0.0,0.0,0.0,1.0,24.3,-2.9,CHI
Joe Flacco,2021,NYJ,QB,36,2,27.0,42.0,338.0,3.0,0.0,2.0,3.0,0.0,0.0,0.0,0.0,0.0,1.0,0.0,0.0,23.8,48.3,NYJ
Cooper Rush,2021,DAL,QB,28,5,30.0,47.0,422.0,3.0,1.0,9.0,-8.0,0.0,0.0,0.0,0.0,0.0,1.0,0.0,0.0,24.1,56.6,DAL
Jordan Love,2021,GNB,QB,23,6,36.0,62.0,411.0,2.0,3.0,12.0,27.0,0.0,0.0,0.0,0.0,0.0,1.0,1.0,0.0,21.1,11.7,GNB
Mason Rudolph,2021,PIT,QB,26,2,35.0,58.0,277.0,1.0,1.0,5.0,53.0,0.0,0.0,0.0,0.0,0.0,0.0,0.0,0.0,18.4,39.6,PIT
Nick Foles,2021,CHI,QB,32,1,24.0,35.0,250.0,1.0,0.0,4.0,8.0,0.0,0.0,0.0,0.0,0.0,0.0,0.0,1.0,16.8,1.8,IND
Marcus Mariota,2021,LVR,QB,28,10,1.0,2.0,4.0,0.0,0.0,13.0,87.0,1.0,0.0,0.0,0.0,0.0,0.0,0.0,0.0,14.9,196.6,ATL
Brandon Allen,2021,CIN,QB,29,6,17.0,34.0,149.0,2.0,0.0,7.0,-1.0,0.0,0.0,0.0,0.0,0.0,0.0,0.0,0.0,13.9,0.8,CIN
P.J. Walker,2021,CAR,QB,26,5,36.0,66.0,362.0,1.0,3.0,7.0,13.0,0.0,0.0,0.0,0.0,0.0,1.0,0.0,1.0,13.8,39.1,CAR
Brian Hoyer,2021,NWE,QB,36,5,9.0,11.0,227.0,1.0,0.0,11.0,-8.0,0.0,0.0,0.0,0.0,0.0,0.0,0.0,0.0,12.3,1.5,NWE
Nick Mullens,2021,CLE,QB,26,1,20.0,30.0,147.0,1.0,0.0,0.0,0.0,0.0,0.0,0.0,0.0,0.0,0.0,0.0,0.0,9.9,11.8,MIN
Kyle Allen,2021,WAS,QB,25,2,12.0,19.0,120.0,1.0,0.0,2.0,11.0,0.0,0.0,0.0,0.0,0.0,1.0,0.0,0.0,7.9,15.9,HOU
Mitchell Trubisky,2021,BUF,QB,27,6,6.0,8.0,43.0,0.0,1.0,13.0,24.0,1.0,0.0,0.0,0.0,0.0,0.0,0.0,0.0,8.1,73.9,PIT
Chad Henne,2021,KAN,QB,36,4,11.0,16.0,82.0,0.0,0.0,8.0,0.0,0.0,0.0,0.0,0.0,0.0,0.0,0.0,0.0,3.3,-0.5,KAN
C.J. Beathard,2021,JAX,QB,28,2,2.0,2.0,33.0,0.0,0.0,1.0,2.0,0.0,0.0,0.0,0.0,0.0,0.0,0.0,0.0,1.5,-1.0,JAX
Blaine Gabbert,2021,TAM,QB,32,6,7.0,11.0,67.0,0.0,0.0,9.0,-7.0,0.0,0.0,0.0,0.0,0.0,0.0,0.0,0.0,2.0,5.2,TAM
Chris Streveler,2021,ARI,QB,26,2,6.0,9.0,36.0,0.0,0.0,3.0,6.0,0.0,0.0,0.0,0.0,0.0,0.0,0.0,0.0,2.0,9.0,NYJ
David Blough,2021,DET,QB,26,1,0.0,0.0,0.0,0.0,0.0,1.0,6.0,0.0,0.0,0.0,0.0,0.0,0.0,0.0,0.0,0.6,18.6,ARI
Sam Ehlinger,2021,IND,QB,23,3,0.0,0.0,0.0,0.0,0.0,3.0,9.0,0.0,0.0,0.0,0.0,0.0,0.0,0.0,0.0,0.9,35.6,IND
Chase Daniel,2021,LAC,QB,35,1,0.0,0.0,0.0,0.0,0.0,2.0,-2.0,0.0,0.0,0.0,0.0,0.0,0.0,0.0,0.0,-0.2,8.5,LAC
Jeff Driskel,2021,HOU,QB,28,1,0.0,0.0,0.0,0.0,0.0,0.0,0.0,0.0,0.0,0.0,0.0,0.0,0.0,0.0,0.0,0.0,17.2,HOU
Nathan Peterman,2021,LVR,QB,27,1,0.0,0.0,0.0,0.0,0.0,2.0,2.0,0.0,0.0,0.0,0.0,0.0,0.0,0.0,0.0,0.2,8.3,CHI
Brett Rypien,2021,DEN,QB,25,1,0.0,2.0,0.0,0.0,0.0,0.0,0.0,0.0,0.0,0.0,0.0,0.0,0.0,0.0,0.0,0.0,18.0,DEN
Davis Webb,2021,BUF,QB,26,1,0.0,0.0,0.0,0.0,0.0,2.0,-3.0,0.0,0.0,0.0,0.0,0.0,0.0,0.0,0.0,-0.3,20.8,NYG
Jacob Eason,2021,IND,QB,24,1,2.0,5.0,25.0,0.0,1.0,0.0,0.0,0.0,0.0,0.0,0.0,0.0,0.0,0.0,0.0,-1.0,0.4,CAR
Logan Woodside,2021,TEN,QB,26,5,0.0,0.0,0.0,0.0,0.0,6.0,-6.0,0.0,0.0,0.0,0.0,0.0,0.0,0.0,0.0,-0.6,0.0,ATL
John Wolford,2021,LAR,QB,26,3,1.0,4.0,5.0,0.0,1.0,2.0,-1.0,0.0,0.0,0.0,0.0,0.0,0.0,0.0,0.0,-1.9,14.8,LAR
Patrick Mahomes,2022,KAN,QB,27,17,435.0,648.0,5250.0,41.0,12.0,61.0,358.0,4.0,1.0,1.0,6.0,0.0,0.0,1.0,2.0,417.4,280.2,KAN
Josh Allen,2022,BUF,QB,26,16,359.0,567.0,4283.0,35.0,14.0,124.0,762.0,7.0,0.0,0.0,0.0,0.0,5.0,1.0,1.0,395.5,392.6,BUF
Jalen Hurts,2022,PHI,QB,24,15,306.0,460.0,3701.0,22.0,6.0,165.0,760.0,13.0,0.0,0.0,0.0,0.0,2.0,2.0,0.0,378.0,356.8,PHI
Joe Burrow,2022,CIN,QB,26,16,414.0,606.0,4475.0,35.0,12.0,75.0,257.0,5.0,0.0,0.0,0.0,0.0,3.0,0.0,3.0,350.7,147.2,CIN
Geno Smith,2022,SEA,QB,32,17,399.0,572.0,4282.0,30.0,11.0,68.0,366.0,1.0,0.0,0.0,0.0,0.0,4.0,0.0,0.0,303.9,227.3,SEA
Trevor Lawrence,2022,JAX,QB,23,17,387.0,584.0,4113.0,25.0,8.0,62.0,291.0,5.0,0.0,0.0,0.0,0.0,9.0,0.0,3.0,295.6,262.5,JAX
Justin Fields,2022,CHI,QB,23,15,192.0,318.0,2242.0,17.0,11.0,160.0,1143.0,8.0,0.0,0.0,0.0,0.0,2.0,0.0,1.0,296.0,230.2,CHI
Kirk Cousins,2022,MIN,QB,34,17,424.0,643.0,4547.0,29.0,14.0,31.0,97.0,2.0,0.0,0.0,0.0,0.0,3.0,0.0,3.0,291.6,149.7,MIN
Daniel Jones,2022,NYG,QB,25,16,317.0,472.0,3205.0,15.0,5.0,120.0,708.0,7.0,0.0,0.0,0.0,0.0,3.0,0.0,2.0,289.0,57.0,NYG
Jared Goff,2022,DET,QB,28,17,382.0,587.0,4438.0,29.0,7.0,29.0,73.0,0.0,1.0,1.0,5.0,0.0,4.0,1.0,1.0,284.3,289.1,DET
Justin Herbert,2022,LAC,QB,24,17,477.0,699.0,4739.0,25.0,10.0,54.0,147.0,0.0,2.0,2.0,-10.0,0.0,3.0,0.0,1.0,281.3,234.2,LAC
Aaron Rodgers,2022,GNB,QB,39,17,350.0,542.0,3695.0,26.0,12.0,34.0,94.0,1.0,0.0,0.0,0.0,0.0,4.0,0.0,2.0,239.2,0.0,NYJ
Lamar Jackson,2022,BAL,QB,25,12,203.0,326.0,2242.0,17.0,7.0,112.0,764.0,3.0,0.0,0.0,0.0,0.0,2.0,0.0,1.0,236.1,331.2,BAL
Tua Tagovailoa,2022,MIA,QB,24,13,259.0,400.0,3548.0,25.0,8.0,23.0,70.0,0.0,0.0,0.0,0.0,0.0,1.0,0.0,0.0,230.9,270.4,MIA
Russell Wilson,2022,DEN,QB,34,15,292.0,483.0,3524.0,16.0,11.0,55.0,277.0,3.0,1.0,1.0,1.0,0.0,2.0,0.0,0.0,225.8,256.9,DEN
Derek Carr,2022,LVR,QB,31,15,305.0,502.0,3522.0,24.0,14.0,24.0,102.0,0.0,0.0,0.0,0.0,0.0,0.0,0.0,0.0,219.1,241.1,NOR
Kyler Murray,2022,ARI,QB,25,11,259.0,390.0,2368.0,14.0,7.0,67.0,418.0,3.0,0.0,0.0,0.0,0.0,2.0,1.0,3.0,200.5,146.4,ARI
Dak Prescott,2022,DAL,QB,29,12,261.0,394.0,2860.0,23.0,15.0,45.0,182.0,1.0,0.0,0.0,0.0,0.0,1.0,0.0,0.0,198.6,342.8,DAL
Marcus Mariota,2022,ATL,QB,29,13,184.0,300.0,2219.0,15.0,9.0,85.0,438.0,4.0,0.0,0.0,0.0,0.0,3.0,0.0,2.0,196.6,11.8,PHI
Davis Mills,2022,HOU,QB,24,15,292.0,479.0,3118.0,17.0,15.0,32.0,108.0,2.0,0.0,0.0,0.0,0.0,3.0,0.0,1.0,181.5,17.8,HOU
Andy Dalton,2022,NOR,QB,35,14,252.0,378.0,2871.0,18.0,9.0,30.0,54.0,0.0,0.0,0.0,0.0,0.0,1.0,0.0,1.0,174.2,23.6,CAR
Mac Jones,2022,NWE,QB,24,14,288.0,442.0,2997.0,14.0,11.0,47.0,102.0,1.0,0.0,0.0,0.0,0.0,1.0,0.0,1.0,170.1,106.4,NWE
Jacoby Brissett,2022,CLE,QB,30,16,236.0,369.0,2608.0,12.0,6.0,49.0,243.0,2.0,0.0,0.0,0.0,0.0,4.0,0.0,0.0,168.6,22.9,WAS
Jimmy Garoppolo,2022,SFO,QB,31,11,207.0,308.0,2437.0,16.0,4.0,23.0,33.0,2.0,0.0,0.0,0.0,0.0,2.0,0.0,0.0,164.8,64.1,LVR
Ryan Tannehill,2022,TEN,QB,34,12,212.0,325.0,2536.0,13.0,6.0,34.0,98.0,2.0,0.0,0.0,0.0,0.0,2.0,0.0,1.0,161.2,80.0,TEN
Kenny Pickett,2022,PIT,QB,24,13,245.0,389.0,2404.0,7.0,9.0,55.0,237.0,3.0,0.0,0.0,0.0,0.0,1.0,0.0,2.0,149.9,110.2,PIT
Baker Mayfield,2022,2TM,QB,27,12,201.0,335.0,2163.0,10.0,8.0,31.0,89.0,1.0,0.0,0.0,0.0,0.0,2.0,0.0,0.0,121.4,274.1,TAM
Taylor Heinicke,2022,WAS,QB,29,9,161.0,259.0,1859.0,12.0,6.0,28.0,96.0,1.0,0.0,0.0,0.0,0.0,5.0,0.0,0.0,116.0,66.0,ATL
Carson Wentz,2022,WAS,QB,30,8,172.0,276.0,1755.0,11.0,9.0,22.0,86.0,1.0,0.0,0.0,0.0,0.0,1.0,0.0,2.0,112.8,26.1,LAR
Matthew Stafford,2022,LAR,QB,34,9,206.0,303.0,2087.0,10.0,8.0,13.0,9.0,1.0,0.0,0.0,0.0,0.0,3.0,0.0,0.0,108.4,243.1,LAR
Brock Purdy,2022,SFO,QB,23,9,114.0,170.0,1374.0,13.0,4.0,22.0,13.0,1.0,0.0,0.0,0.0,0.0,0.0,0.0,0.0,106.3,295.6,SFO
Zach Wilson,2022,NYJ,QB,23,9,132.0,242.0,1688.0,6.0,7.0,28.0,102.0,1.0,1.0,1.0,2.0,1.0,1.0,0.0,0.0,98.9,119.9,NYJ
Sam Darnold,2022,CAR,QB,25,6,82.0,140.0,1143.0,7.0,3.0,26.0,106.0,2.0,0.0,0.0,0.0,0.0,2.0,0.0,0.0,86.3,23.4,SFO
Deshaun Watson,2022,CLE,QB,27,6,99.0,170.0,1102.0,7.0,5.0,36.0,175.0,1.0,0.0,0.0,0.0,0.0,0.0,0.0,0.0,85.6,86.8,CLE
Mitchell Trubisky,2022,PIT,QB,28,7,117.0,180.0,1252.0,4.0,5.0,19.0,38.0,2.0,0.0,0.0,0.0,0.0,0.0,0.0,1.0,73.9,48.7,PIT
Cooper Rush,2022,DAL,QB,29,9,94.0,162.0,1051.0,5.0,3.0,9.0,6.0,0.0,0.0,0.0,0.0,0.0,0.0,0.0,0.0,56.6,3.3,DAL
Mike White,2022,NYJ,QB,27,4,103.0,175.0,1192.0,3.0,4.0,6.0,9.0,1.0,0.0,0.0,0.0,0.0,1.0,0.0,0.0,56.6,2.1,MIA
Tyler Huntley,2022,BAL,QB,24,6,75.0,112.0,658.0,2.0,3.0,43.0,137.0,1.0,0.0,0.0,0.0,0.0,0.0,1.0,0.0,50.0,25.6,BAL
Joe Flacco,2022,NYJ,QB,37,5,110.0,191.0,1051.0,5.0,3.0,3.0,6.0,0.0,0.0,0.0,-3.0,0.0,4.0,0.0,0.0,48.3,100.8,CLE
Jameis Winston,2022,NOR,QB,28,3,73.0,115.0,858.0,4.0,5.0,5.0,16.0,0.0,0.0,0.0,0.0,0.0,0.0,0.0,1.0,43.9,12.0,NOR
Jarrett Stidham,2022,LVR,QB,26,5,53.0,83.0,656.0,4.0,3.0,14.0,84.0,0.0,0.0,0.0,0.0,0.0,1.0,0.0,0.0,42.6,26.6,DEN
Desmond Ridder,2022,ATL,QB,23,4,73.0,115.0,708.0,2.0,0.0,16.0,64.0,0.0,0.0,0.0,0.0,0.0,2.0,0.0,0.0,38.7,177.1,ATL
P.J. Walker,2022,CAR,QB,27,6,63.0,106.0,731.0,3.0,3.0,6.0,39.0,0.0,0.0,0.0,0.0,0.0,0.0,0.0,0.0,39.1,20.0,CLE
Bailey Zappe,2022,NWE,QB,23,4,65.0,92.0,781.0,5.0,3.0,10.0,0.0,0.0,1.0,1.0,-6.0,0.0,3.0,0.0,0.0,39.6,69.2,NWE
Teddy Bridgewater,2022,MIA,QB,30,5,49.0,79.0,683.0,4.0,4.0,3.0,27.0,0.0,0.0,0.0,0.0,0.0,0.0,0.0,0.0,38.0,-0.2,DET
Gardner Minshew II,2022,PHI,QB,26,5,44.0,76.0,663.0,3.0,3.0,7.0,3.0,1.0,0.0,0.0,0.0,0.0,1.0,0.0,0.0,36.8,196.2,IND
Sam Ehlinger,2022,IND,QB,24,4,64.0,101.0,573.0,3.0,3.0,17.0,87.0,0.0,0.0,0.0,0.0,0.0,1.0,0.0,0.0,35.6,0.0,IND
Joshua Dobbs,2022,TEN,QB,27,2,40.0,68.0,411.0,2.0,2.0,8.0,44.0,0.0,0.0,0.0,0.0,0.0,2.0,0.0,0.0,20.8,200.7,2TM
Malik Willis,2022,TEN,QB,23,8,31.0,61.0,276.0,0.0,3.0,27.0,123.0,1.0,0.0,0.0,0.0,0.0,2.0,0.0,0.0,19.3,3.1,TEN
Sam Howell,2022,WAS,QB,22,1,11.0,19.0,169.0,1.0,1.0,5.0,35.0,1.0,0.0,0.0,0.0,0.0,0.0,0.0,0.0,18.3,257.5,WAS
Brett Rypien,2022,DEN,QB,26,4,53.0,88.0,483.0,2.0,4.0,6.0,7.0,0.0,0.0,0.0,0.0,0.0,1.0,0.0,0.0,18.0,4.8,LAR
Skylar Thompson,2022,MIA,QB,25,7,60.0,105.0,534.0,1.0,3.0,14.0,21.0,0.0,0.0,0.0,0.0,0.0,2.0,0.0,0.0,17.5,7.9,MIA
Kyle Allen,2022,HOU,QB,26,2,46.0,78.0,416.0,2.0,4.0,6.0,13.0,0.0,0.0,0.0,0.0,0.0,1.0,0.0,0.0,15.9,-1.3,BUF
Jeff Driskel,2022,HOU,QB,29,7,14.0,20.0,108.0,1.0,0.0,20.0,75.0,0.0,1.0,1.0,4.0,0.0,0.0,0.0,0.0,17.2,13.9,CLE
Trey Lance,2022,SFO,QB,22,2,15.0,31.0,194.0,0.0,1.0,16.0,67.0,0.0,0.0,0.0,0.0,0.0,0.0,0.0,0.0,12.5,12.7,DAL
Jordan Love,2022,GNB,QB,24,4,14.0,21.0,195.0,1.0,0.0,1.0,-1.0,0.0,0.0,0.0,0.0,0.0,0.0,0.0,0.0,11.7,319.1,GNB
Nick Mullens,2022,MIN,QB,27,4,21.0,25.0,224.0,1.0,1.0,4.0,8.0,0.0,0.0,0.0,0.0,0.0,0.0,0.0,0.0,11.8,66.7,MIN
Tyrod Taylor,2022,NYG,QB,33,3,6.0,8.0,58.0,1.0,1.0,5.0,70.0,0.0,0.0,0.0,0.0,0.0,1.0,0.0,1.0,11.3,87.3,NYG
Trevor Siemian,2022,CHI,QB,31,2,15.0,26.0,184.0,1.0,1.0,4.0,8.0,0.0,0.0,0.0,0.0,0.0,0.0,0.0,0.0,10.2,27.0,NYJ
Nathan Peterman,2022,CHI,QB,28,3,14.0,25.0,139.0,1.0,1.0,2.0,7.0,0.0,0.0,0.0,0.0,0.0,0.0,0.0,0.0,8.3,-0.4,CHI
Blaine Gabbert,2022,TAM,QB,33,1,6.0,8.0,29.0,1.0,0.0,0.0,0.0,0.0,0.0,0.0,0.0,0.0,0.0,0.0,0.0,5.2,5.9,KAN
Brandon Allen,2022,CIN,QB,30,1,3.0,3.0,22.0,0.0,0.0,3.0,-1.0,0.0,0.0,0.0,0.0,0.0,0.0,0.0,0.0,0.8,6.4,SFO
Brian Hoyer,2022,NWE,QB,37,1,5.0,6.0,37.0,0.0,0.0,0.0,0.0,0.0,0.0,0.0,0.0,0.0,0.0,0.0,0.0,1.5,4.9,LVR
Josh Johnson,2022,SFO,QB,36,2,1.0,2.0,10.0,0.0,0.0,2.0,3.0,0.0,0.0,0.0,0.0,0.0,0.0,0.0,0.0,0.7,0.8,BAL
Kyle Trask,2022,TAM,QB,24,1,3.0,9.0,23.0,0.0,0.0,0.0,0.0,0.0,0.0,0.0,0.0,0.0,0.0,0.0,0.0,0.9,-0.1,TAM
Case Keenum,2022,BUF,QB,34,2,2.0,7.0,8.0,0.0,0.0,5.0,0.0,0.0,0.0,0.0,0.0,0.0,0.0,0.0,0.0,0.3,9.7,HOU
Logan Woodside,2022,ATL,QB,27,1,0.0,0.0,0.0,0.0,0.0,0.0,0.0,0.0,0.0,0.0,0.0,0.0,0.0,0.0,0.0,0.0,-0.3,ATL
C.J. Beathard,2022,JAX,QB,29,4,7.0,11.0,35.0,0.0,1.0,4.0,-4.0,0.0,0.0,0.0,0.0,0.0,0.0,0.0,0.0,-1.0,21.5,JAX
Tim Boyle,2022,CHI,QB,28,1,2.0,8.0,33.0,0.0,2.0,2.0,-2.0,0.0,0.0,0.0,0.0,0.0,0.0,0.0,0.0,-2.9,10.9,NYJ
Josh Allen,2023,BUF,QB,27,17,385.0,579.0,4306.0,29.0,18.0,111.0,524.0,15.0,0.0,0.0,0.0,0.0,4.0,0.0,3.0,392.6,379.0,BUF
Jalen Hurts,2023,PHI,QB,25,17,352.0,538.0,3858.0,23.0,15.0,157.0,605.0,15.0,0.0,0.0,0.0,0.0,5.0,0.0,0.0,356.8,315.1,PHI
Dak Prescott,2023,DAL,QB,30,17,410.0,590.0,4516.0,36.0,9.0,55.0,242.0,2.0,0.0,0.0,0.0,0.0,2.0,0.0,2.0,342.8,116.5,DAL
Lamar Jackson,2023,BAL,QB,26,16,307.0,457.0,3678.0,24.0,7.0,148.0,821.0,5.0,0.0,0.0,0.0,0.0,6.0,0.0,1.0,331.2,430.4,BAL
Jordan Love,2023,GNB,QB,25,17,372.0,579.0,4159.0,32.0,11.0,50.0,247.0,4.0,0.0,0.0,0.0,0.0,3.0,0.0,2.0,319.1,233.9,GNB
Brock Purdy,2023,SFO,QB,24,16,308.0,444.0,4280.0,31.0,11.0,39.0,144.0,2.0,0.0,0.0,0.0,0.0,2.0,0.0,0.0,295.6,266.9,SFO
Jared Goff,2023,DET,QB,29,17,407.0,605.0,4575.0,30.0,12.0,32.0,21.0,2.0,0.0,0.0,0.0,0.0,4.0,0.0,2.0,289.1,324.5,DET
Patrick Mahomes,2023,KAN,QB,28,16,401.0,597.0,4183.0,27.0,14.0,75.0,389.0,0.0,0.0,0.0,0.0,0.0,3.0,0.0,0.0,280.2,283.0,KAN
C.J. Stroud,2023,HOU,QB,22,15,319.0,499.0,4108.0,23.0,5.0,39.0,167.0,3.0,1.0,1.0,0.0,0.0,4.0,1.0,0.0,276.0,220.4,HOU
Baker Mayfield,2023,TAM,QB,28,17,364.0,566.0,4044.0,28.0,10.0,62.0,163.0,1.0,0.0,0.0,0.0,0.0,3.0,0.0,2.0,274.1,365.8,TAM
Tua Tagovailoa,2023,MIA,QB,25,17,388.0,560.0,4624.0,29.0,14.0,35.0,74.0,0.0,0.0,0.0,0.0,0.0,5.0,0.0,0.0,270.4,181.6,MIA
Trevor Lawrence,2023,JAX,QB,24,16,370.0,564.0,4016.0,21.0,14.0,70.0,339.0,4.0,0.0,0.0,0.0,0.0,7.0,0.0,1.0,262.5,145.2,JAX
Sam Howell,2023,WAS,QB,23,17,388.0,612.0,3946.0,21.0,21.0,48.0,263.0,5.0,1.0,1.0,4.0,0.0,2.0,1.0,1.0,257.5,-0.8,SEA
Russell Wilson,2023,DEN,QB,35,15,297.0,447.0,3070.0,26.0,8.0,80.0,341.0,3.0,0.0,0.0,0.0,0.0,5.0,0.0,2.0,256.9,172.8,PIT
Matthew Stafford,2023,LAR,QB,35,15,326.0,521.0,3965.0,24.0,11.0,21.0,65.0,0.0,0.0,0.0,0.0,0.0,0.0,1.0,1.0,243.1,214.6,LAR
Derek Carr,2023,NOR,QB,32,17,375.0,548.0,3878.0,25.0,8.0,32.0,40.0,0.0,0.0,0.0,0.0,0.0,3.0,0.0,2.0,241.1,150.9,NOR
Justin Herbert,2023,LAC,QB,25,13,297.0,456.0,3134.0,20.0,7.0,52.0,228.0,3.0,1.0,1.0,10.0,0.0,1.0,0.0,1.0,234.2,285.4,LAC
Justin Fields,2023,CHI,QB,24,13,227.0,370.0,2562.0,16.0,9.0,124.0,657.0,4.0,0.0,0.0,0.0,0.0,4.0,0.0,0.0,230.2,119.1,PIT
Geno Smith,2023,SEA,QB,33,15,323.0,499.0,3624.0,20.0,9.0,37.0,155.0,1.0,1.0,1.0,-2.0,0.0,3.0,0.0,2.0,227.3,266.0,SEA
Joshua Dobbs,2023,2TM,QB,28,13,262.0,417.0,2464.0,13.0,10.0,77.0,421.0,6.0,0.0,0.0,0.0,0.0,7.0,2.0,1.0,200.7,30.8,SFO
Gardner Minshew II,2023,IND,QB,27,17,305.0,490.0,3305.0,15.0,9.0,34.0,100.0,3.0,0.0,0.0,0.0,0.0,5.0,0.0,2.0,196.2,96.3,LVR
Desmond Ridder,2023,ATL,QB,24,15,249.0,388.0,2836.0,12.0,12.0,53.0,193.0,5.0,1.0,1.0,-6.0,0.0,7.0,0.0,2.0,177.1,21.9,LVR
Bryce Young,2023,CAR,QB,22,16,315.0,527.0,2877.0,11.0,10.0,39.0,253.0,0.0,0.0,0.0,0.0,0.0,6.0,1.0,1.0,156.4,195.0,CAR
Kirk Cousins,2023,MIN,QB,35,8,216.0,311.0,2331.0,18.0,5.0,14.0,25.0,0.0,0.0,0.0,0.0,0.0,4.0,0.0,0.0,149.7,176.3,ATL
Joe Burrow,2023,CIN,QB,27,10,244.0,365.0,2309.0,15.0,6.0,31.0,88.0,0.0,0.0,0.0,0.0,0.0,1.0,0.0,0.0,147.2,372.8,CIN
Kyler Murray,2023,ARI,QB,26,8,176.0,268.0,1799.0,10.0,5.0,44.0,244.0,3.0,0.0,0.0,0.0,0.0,0.0,0.0,1.0,146.4,297.2,ARI
Jake Browning,2023,CIN,QB,27,9,171.0,243.0,1936.0,12.0,7.0,27.0,127.0,3.0,1.0,1.0,-7.0,0.0,0.0,0.0,1.0,144.4,-0.2,CIN
Aidan O'Connell,2023,LVR,QB,25,11,213.0,343.0,2218.0,12.0,7.0,17.0,11.0,1.0,0.0,0.0,0.0,0.0,2.0,0.0,0.0,125.8,93.5,LVR
Kenny Pickett,2023,PIT,QB,25,12,201.0,324.0,2070.0,6.0,4.0,42.0,54.0,1.0,0.0,0.0,0.0,0.0,0.0,0.0,0.0,110.2,25.1,PHI
Mac Jones,2023,NWE,QB,25,11,224.0,345.0,2120.0,10.0,12.0,26.0,96.0,0.0,0.0,0.0,0.0,0.0,2.0,0.0,0.0,106.4,96.1,JAX
Will Levis,2023,TEN,QB,24,9,149.0,255.0,1808.0,8.0,4.0,25.0,57.0,1.0,0.0,0.0,0.0,0.0,4.0,0.0,1.0,102.0,119.9,TEN
Joe Flacco,2023,CLE,QB,38,5,123.0,204.0,1616.0,13.0,8.0,9.0,2.0,0.0,0.0,0.0,0.0,0.0,1.0,0.0,1.0,100.8,99.0,IND
Tommy DeVito,2023,NYG,QB,25,9,114.0,178.0,1101.0,8.0,3.0,36.0,195.0,1.0,0.0,0.0,0.0,0.0,1.0,0.0,0.0,93.5,13.5,NYG
Tyrod Taylor,2023,NYG,QB,34,11,116.0,180.0,1341.0,5.0,3.0,38.0,197.0,0.0,0.0,0.0,0.0,0.0,0.0,0.0,0.0,87.3,20.1,NYJ
Deshaun Watson,2023,CLE,QB,28,6,105.0,171.0,1115.0,7.0,4.0,26.0,142.0,1.0,0.0,0.0,0.0,0.0,2.0,3.0,0.0,86.8,76.7,CLE
Anthony Richardson,2023,IND,QB,21,4,50.0,84.0,577.0,3.0,1.0,25.0,136.0,4.0,0.0,0.0,0.0,0.0,1.0,0.0,2.0,72.7,163.4,IND
Bailey Zappe,2023,NWE,QB,24,10,127.0,212.0,1272.0,6.0,9.0,17.0,83.0,1.0,0.0,0.0,0.0,0.0,1.0,0.0,0.0,69.2,7.0,CLE
Nick Mullens,2023,MIN,QB,28,5,100.0,148.0,1306.0,7.0,8.0,10.0,25.0,0.0,0.0,0.0,0.0,0.0,0.0,0.0,0.0,66.7,1.3,MIN
Taylor Heinicke,2023,ATL,QB,30,5,74.0,136.0,890.0,5.0,4.0,15.0,124.0,1.0,0.0,0.0,0.0,0.0,0.0,0.0,0.0,66.0,3.1,LAC
Jimmy Garoppolo,2023,LVR,QB,32,7,110.0,169.0,1205.0,7.0,9.0,20.0,39.0,0.0,0.0,0.0,0.0,0.0,0.0,0.0,1.0,64.1,19.9,LAR
Daniel Jones,2023,NYG,QB,26,6,108.0,160.0,909.0,2.0,6.0,40.0,206.0,1.0,0.0,0.0,0.0,0.0,1.0,0.0,0.0,57.0,135.3,NYG
Tyson Bagent,2023,CHI,QB,23,5,94.0,143.0,859.0,3.0,6.0,23.0,109.0,2.0,0.0,0.0,0.0,0.0,2.0,0.0,0.0,53.3,-0.3,CHI
Mitchell Trubisky,2023,PIT,QB,29,5,67.0,107.0,632.0,4.0,5.0,16.0,54.0,2.0,0.0,0.0,0.0,0.0,1.0,0.0,1.0,48.7,15.3,BUF
Mason Rudolph,2023,PIT,QB,28,4,55.0,74.0,719.0,3.0,0.0,10.0,8.0,0.0,0.0,0.0,0.0,0.0,1.0,0.0,0.0,39.6,95.8,TEN
Drew Lock,2023,SEA,QB,27,4,48.0,76.0,543.0,3.0,3.0,5.0,14.0,0.0,0.0,0.0,0.0,0.0,0.0,0.0,0.0,29.1,80.1,NYG
Jarrett Stidham,2023,DEN,QB,27,3,40.0,66.0,496.0,2.0,1.0,9.0,8.0,0.0,0.0,0.0,0.0,0.0,0.0,0.0,0.0,26.6,0.5,DEN
Tyler Huntley,2023,BAL,QB,25,5,21.0,37.0,203.0,3.0,0.0,15.0,55.0,0.0,0.0,0.0,0.0,0.0,0.0,0.0,0.0,25.6,60.7,MIA
Carson Wentz,2023,LAR,QB,31,2,17.0,24.0,163.0,2.0,1.0,17.0,56.0,1.0,0.0,0.0,0.0,0.0,0.0,0.0,1.0,26.1,4.7,KAN
Andy Dalton,2023,CAR,QB,36,3,34.0,58.0,361.0,2.0,0.0,3.0,12.0,0.0,0.0,0.0,0.0,0.0,0.0,0.0,0.0,23.6,59.0,CAR
Jacoby Brissett,2023,WAS,QB,31,3,18.0,23.0,224.0,3.0,0.0,3.0,19.0,0.0,0.0,0.0,0.0,0.0,0.0,0.0,0.0,22.9,45.2,NWE
Sam Darnold,2023,SFO,QB,26,10,28.0,46.0,297.0,2.0,1.0,21.0,15.0,1.0,0.0,0.0,0.0,0.0,1.0,0.0,0.0,23.4,308.0,MIN
Dorian Thompson-Robinson,2023,CLE,QB,24,8,60.0,112.0,440.0,1.0,4.0,14.0,65.0,0.0,0.0,0.0,0.0,0.0,0.0,1.0,0.0,22.1,15.8,CLE
Davis Mills,2023,HOU,QB,25,6,18.0,39.0,173.0,2.0,0.0,2.0,9.0,0.0,0.0,0.0,0.0,0.0,0.0,0.0,1.0,17.8,9.6,HOU
Jeff Driskel,2023,CLE,QB,30,1,13.0,26.0,166.0,2.0,2.0,7.0,33.0,0.0,0.0,0.0,0.0,0.0,0.0,0.0,0.0,13.9,0.0,WAS
Marcus Mariota,2023,PHI,QB,30,3,15.0,23.0,164.0,1.0,1.0,8.0,52.0,0.0,0.0,0.0,0.0,0.0,1.0,0.0,0.0,11.8,45.8,WAS
Jameis Winston,2023,NOR,QB,29,7,25.0,47.0,264.0,2.0,3.0,5.0,-6.0,0.0,0.0,0.0,0.0,0.0,0.0,0.0,0.0,12.0,131.1,CLE
Tim Boyle,2023,NYJ,QB,29,3,48.0,77.0,360.0,1.0,4.0,4.0,5.0,0.0,0.0,0.0,0.0,0.0,0.0,0.0,0.0,10.9,13.9,2TM
Clayton Tune,2023,ARI,QB,24,7,12.0,21.0,62.0,0.0,2.0,8.0,30.0,1.0,0.0,0.0,0.0,0.0,1.0,1.0,0.0,7.5,-2.1,ARI
Cooper Rush,2023,DAL,QB,30,7,18.0,24.0,144.0,0.0,1.0,12.0,-5.0,0.0,0.0,0.0,0.0,0.0,0.0,0.0,0.0,3.3,109.6,DAL
Malik Willis,2023,TEN,QB,24,3,4.0,5.0,74.0,0.0,0.0,5.0,21.0,0.0,0.0,0.0,0.0,0.0,1.0,0.0,0.0,3.1,51.8,GNB
Mike White,2023,MIA,QB,28,6,5.0,6.0,74.0,1.0,1.0,8.0,-9.0,0.0,0.0,0.0,0.0,0.0,1.0,0.0,0.0,2.1,1.1,BUF
Aaron Rodgers,2023,NYJ,QB,40,1,0.0,1.0,0.0,0.0,0.0,0.0,0.0,0.0,0.0,0.0,0.0,0.0,0.0,0.0,0.0,0.0,256.6,NYJ
Kyle Trask,2023,TAM,QB,25,2,0.0,1.0,0.0,0.0,0.0,1.0,-1.0,0.0,0.0,0.0,0.0,0.0,0.0,0.0,0.0,-0.1,-0.2,TAM
Kyle Allen,2023,BUF,QB,27,7,0.0,0.0,0.0,0.0,0.0,13.0,-13.0,0.0,0.0,0.0,0.0,0.0,0.0,0.0,0.0,-1.3,0.8,PIT
